<?xml version="1.0"?>
<EmployerTPASeparation xmlns:xsd="http://www.w3.org/2001/XMLSchema" xmlns:xsi="http://www.w3.org/2001/XMLSchema-instance" xmlns="https://uidataexchange.org/schemas">
  <EmployerTPASeparationRequest>
    <StateRequestRecordGUID>1f3faa914f8e4628944de467246f9600</StateRequestRecordGUID>
    <SSN>216414080</SSN>
    <ClaimEffectiveDate>2018-12-16</ClaimEffectiveDate>
    <StateEmployerAccountNbr>9103557</StateEmployerAccountNbr>
    <EmployerName>ZOOLOGICAL SOCIETY OF SAN</EmployerName>
    <FEIN>951648219</FEIN>
    <TypeofEmployerCode>2</TypeofEmployerCode>
    <TypeofClaimCode>1</TypeofClaimCode>
    <BenefitYearBeginDate>2018-12-16</BenefitYearBeginDate>
    <RequestingStateAbbreviation>CA</RequestingStateAbbreviation>
    <UIOfficeName>CA EDD  #1800</UIOfficeName>
    <UIOfficePhone>8003005616</UIOfficePhone>
    <ClaimantLastName>KERZEL</ClaimantLastName>
    <ClaimantFirstName>EMILY</ClaimantFirstName>
    <ClaimantReportedLastDayofWork>2018-12-21</ClaimantReportedLastDayofWork>
    <WagesWeeksNeededCode>NA</WagesWeeksNeededCode>
    <ClaimantSepReasonCode>6</ClaimantSepReasonCode>
    <ClaimantSepReasonComments>JOB SATISFACTION/JOB DUTIES CHANGED.</ClaimantSepReasonComments>
    <RequestDate>2018-12-24</RequestDate>
    <ResponseDueDate>2019-01-03</ResponseDueDate>
    <FormNumber>DE 1101CZ</FormNumber>
  </EmployerTPASeparationRequest>
  <EmployerTPASeparationResponse xsi:type="StateSeparationResponseType">
    <StateRequestRecordGUID>1f3faa91-4f8e-4628-944d-e467246f9600</StateRequestRecordGUID>
    <BrokerRecordTransactionNumber>27770741</BrokerRecordTransactionNumber>
    <RequestDate>0001-01-01</RequestDate>
    <ResponseDueDate>0001-01-01</ResponseDueDate>
    <SSN>216414080</SSN>
    <ClaimEffectiveDate>2018-12-16</ClaimEffectiveDate>
    <StateEmployerAccountNbr>9103557</StateEmployerAccountNbr>
    <EmployerName>ZOOLOGICAL SOCIETY OF SAN</EmployerName>
    <ClaimantLastName>KERZEL</ClaimantLastName>
    <ClaimantFirstName>EMILY</ClaimantFirstName>
    <ClaimantJobTitle>Food Service Clerk</ClaimantJobTitle>
    <EmployerReportedClaimantFirstDayofWork>2015-12-05</EmployerReportedClaimantFirstDayofWork>
    <EmployerReportedClaimantLastDayofWork>2018-12-16</EmployerReportedClaimantLastDayofWork>
    <TotalWeeksWorked>0</TotalWeeksWorked>
    <NumberOfHoursWorkedAfterClaimEffectiveDate>0</NumberOfHoursWorkedAfterClaimEffectiveDate>
    <EmployerSepReasonCode>6</EmployerSepReasonCode>
    <AverageNumberofHoursWorkedperWeek>0</AverageNumberofHoursWorkedperWeek>
    <ContributoryorNotContributoryClaimantInd>N</ContributoryorNotContributoryClaimantInd>
    <ClaimantPensionContributionPercent>0</ClaimantPensionContributionPercent>
    <PensionComments>Q: Did the claimant offer a reason for quitting without notice? If not, was he/she asked for a reason (exit interview?)?| A: Claimant was questioned about some at work behavior including theft of items, a violation of our alcohol policy, and comments in violation of our safe and respectful workplace policy.  Rather than discuss, claimant tendered her resignation immediately.| | Q: Was continuing work available had he/she not voluntarily quit?| A: Yes| | Q: Please provide an explanation if the claimant's job was in jeopardy.| A: Concerns had been raised about claimant's performance including a violation of the employer alcohol policy, theft, and violation of conduct policy.  However no investigation was finalized as Claimant resigned.</PensionComments>
    <EmployerSepReasonComments>The claimant voluntarily quit in anticipation of termination. Ongoing work was still available.</EmployerSepReasonComments>
    <DischargeReasonCode>4</DischargeReasonCode>
    <FinalIncidentReason>Details not available.</FinalIncidentReason>
    <FinalIncidentDate>2018-12-16</FinalIncidentDate>
    <ViolateCompanyPolicyInd>Y</ViolateCompanyPolicyInd>
    <DischargePolicyAwareInd>Y</DischargePolicyAwareInd>
    <DischargePolicyAwareExplanationCode>V</DischargePolicyAwareExplanationCode>
    <WhoDischargedName>Not Available.</WhoDischargedName>
    <WhoDischargedTitle>Details Not Available</WhoDischargedTitle>
    <DischargeReasonComments>The claimant voluntarily quit in anticipation of termination. Ongoing work was still available.</DischargeReasonComments>
    <VoluntarySepReasonCode>5</VoluntarySepReasonCode>
    <ClaimantActionsToAvoidQuitInd>N</ClaimantActionsToAvoidQuitInd>
    <ContinuingWorkAvailableInd>Y</ContinuingWorkAvailableInd>
    <PreparerTypeCode>T</PreparerTypeCode>
    <PreparerCompanyName>TALX UCM Services, Inc.</PreparerCompanyName>
    <PreparerTelephoneNumberPlusExt>80082915107893</PreparerTelephoneNumberPlusExt>
    <PreparerContactName>Aprildawn Duerbusch</PreparerContactName>
    <PreparerTitle>Unemployment Insurance Consult</PreparerTitle>
    <PreparerFaxNbr>8882521758</PreparerFaxNbr>
    <BrokerRecordEffectiveDate>2019-01-02T14:07:34</BrokerRecordEffectiveDate>
  </EmployerTPASeparationResponse>
</EmployerTPASeparation>