<?xml version="1.0"?>
<EmployerTPASeparation xmlns:xsd="http://www.w3.org/2001/XMLSchema" xmlns:xsi="http://www.w3.org/2001/XMLSchema-instance" xmlns="https://uidataexchange.org/schemas">
  <EmployerTPASeparationRequest>
    <StateRequestRecordGUID>56ae24a87b4c49fc965781b66e98d103</StateRequestRecordGUID>
    <SSN>522670044</SSN>
    <ClaimEffectiveDate>2018-12-16</ClaimEffectiveDate>
    <StateEmployerAccountNbr>9320081</StateEmployerAccountNbr>
    <EmployerName>CITY/COUNTY SAN FRANCISCO</EmployerName>
    <FEIN>943248335</FEIN>
    <TypeofEmployerCode>2</TypeofEmployerCode>
    <TypeofClaimCode>1</TypeofClaimCode>
    <BenefitYearBeginDate>2018-12-16</BenefitYearBeginDate>
    <RequestingStateAbbreviation>CA</RequestingStateAbbreviation>
    <UIOfficeName>CA EDD  #0410</UIOfficeName>
    <UIOfficePhone>8003005616</UIOfficePhone>
    <ClaimantLastName>ANDERSON</ClaimantLastName>
    <ClaimantFirstName>ERIC</ClaimantFirstName>
    <ClaimantMiddleInitial>S</ClaimantMiddleInitial>
    <ClaimantReportedLastDayofWork>2018-11-30</ClaimantReportedLastDayofWork>
    <WagesWeeksNeededCode>NA</WagesWeeksNeededCode>
    <ClaimantSepReasonCode>2</ClaimantSepReasonCode>
    <ClaimantSepReasonComments>NO WORK AVAILABLE/NOT ENOUGH WORK</ClaimantSepReasonComments>
    <RequestDate>2018-12-26</RequestDate>
    <ResponseDueDate>2019-01-07</ResponseDueDate>
    <FormNumber>DE 1101CZ</FormNumber>
  </EmployerTPASeparationRequest>
  <EmployerTPASeparationResponse xsi:type="StateSeparationResponseType">
    <StateRequestRecordGUID>56ae24a8-7b4c-49fc-9657-81b66e98d103</StateRequestRecordGUID>
    <BrokerRecordTransactionNumber>27800462</BrokerRecordTransactionNumber>
    <RequestDate>0001-01-01</RequestDate>
    <ResponseDueDate>0001-01-01</ResponseDueDate>
    <SSN>522670044</SSN>
    <ClaimEffectiveDate>2018-12-16</ClaimEffectiveDate>
    <StateEmployerAccountNbr>9320081</StateEmployerAccountNbr>
    <EmployerName>CITY/COUNTY SAN FRANCISCO</EmployerName>
    <CorrectedFEIN>946000417</CorrectedFEIN>
    <ClaimantLastName>ANDERSON</ClaimantLastName>
    <ClaimantFirstName>ERIC</ClaimantFirstName>
    <ClaimantMiddleInitial>S</ClaimantMiddleInitial>
    <ClaimantJobTitle>ELECTIONS CLERK $26.64</ClaimantJobTitle>
    <EmployerReportedClaimantFirstDayofWork>2018-05-07</EmployerReportedClaimantFirstDayofWork>
    <EmployerReportedClaimantLastDayofWork>2018-11-30</EmployerReportedClaimantLastDayofWork>
    <TotalWeeksWorked>0</TotalWeeksWorked>
    <NumberOfHoursWorkedAfterClaimEffectiveDate>0</NumberOfHoursWorkedAfterClaimEffectiveDate>
    <EmployerSepReasonCode>2</EmployerSepReasonCode>
    <AverageNumberofHoursWorkedperWeek>0</AverageNumberofHoursWorkedperWeek>
    <ContributoryorNotContributoryClaimantInd>N</ContributoryorNotContributoryClaimantInd>
    <ClaimantPensionContributionPercent>0</ClaimantPensionContributionPercent>
    <EmployerSepReasonComments>Is the lay off temporary, permanent, or part of a scheduled shutdown? Permanent</EmployerSepReasonComments>
    <PreparerTypeCode>T</PreparerTypeCode>
    <PreparerCompanyName>TALX UCM Services, Inc.</PreparerCompanyName>
    <PreparerTelephoneNumberPlusExt>80082915107893</PreparerTelephoneNumberPlusExt>
    <PreparerContactName>Aprildawn Duerbusch</PreparerContactName>
    <PreparerTitle>Unemployment Insurance Consult</PreparerTitle>
    <PreparerFaxNbr>8882521758</PreparerFaxNbr>
    <BrokerRecordEffectiveDate>2019-01-02T14:07:22</BrokerRecordEffectiveDate>
  </EmployerTPASeparationResponse>
</EmployerTPASeparation>