<?xml version="1.0"?>
<EmployerTPASeparation xmlns:xsd="http://www.w3.org/2001/XMLSchema" xmlns:xsi="http://www.w3.org/2001/XMLSchema-instance" xmlns="https://uidataexchange.org/schemas">
  <EmployerTPASeparationRequest>
    <StateRequestRecordGUID>d5d8155fee7246bebf5d525836dd0b69</StateRequestRecordGUID>
    <SSN>614177212</SSN>
    <ClaimEffectiveDate>2018-12-23</ClaimEffectiveDate>
    <StateEmployerAccountNbr>1703071</StateEmployerAccountNbr>
    <EmployerName>ALBERTSON'S LLC</EmployerName>
    <FEIN>820184434</FEIN>
    <TypeofEmployerCode>2</TypeofEmployerCode>
    <TypeofClaimCode>1</TypeofClaimCode>
    <BenefitYearBeginDate>2018-12-23</BenefitYearBeginDate>
    <RequestingStateAbbreviation>CA</RequestingStateAbbreviation>
    <UIOfficeName>CA EDD  #0190</UIOfficeName>
    <UIOfficePhone>8003005616</UIOfficePhone>
    <ClaimantLastName>ROMERO</ClaimantLastName>
    <ClaimantFirstName>ALEXANDRA</ClaimantFirstName>
    <ClaimantMiddleInitial>R</ClaimantMiddleInitial>
    <ClaimantReportedLastDayofWork>2018-12-14</ClaimantReportedLastDayofWork>
    <WagesWeeksNeededCode>NA</WagesWeeksNeededCode>
    <ClaimantSepReasonCode>6</ClaimantSepReasonCode>
    <ClaimantSepReasonComments>MOVED</ClaimantSepReasonComments>
    <RequestDate>2018-12-24</RequestDate>
    <ResponseDueDate>2019-01-03</ResponseDueDate>
    <FormNumber>DE 1101CZ</FormNumber>
  </EmployerTPASeparationRequest>
  <EmployerTPASeparationResponse xsi:type="StateSeparationResponseType">
    <StateRequestRecordGUID>d5d8155f-ee72-46be-bf5d-525836dd0b69</StateRequestRecordGUID>
    <BrokerRecordTransactionNumber>27770943</BrokerRecordTransactionNumber>
    <RequestDate>0001-01-01</RequestDate>
    <ResponseDueDate>0001-01-01</ResponseDueDate>
    <SSN>614177212</SSN>
    <ClaimEffectiveDate>2018-12-23</ClaimEffectiveDate>
    <StateEmployerAccountNbr>1703071</StateEmployerAccountNbr>
    <EmployerName>ALBERTSON'S LLC</EmployerName>
    <ClaimantLastName>ROMERO</ClaimantLastName>
    <ClaimantFirstName>ALEXANDRA</ClaimantFirstName>
    <ClaimantMiddleInitial>R</ClaimantMiddleInitial>
    <EmployerReportedClaimantFirstDayofWork>2017-11-05</EmployerReportedClaimantFirstDayofWork>
    <EmployerReportedClaimantLastDayofWork>2018-12-14</EmployerReportedClaimantLastDayofWork>
    <EffectiveSeparationDate>2018-12-14</EffectiveSeparationDate>
    <TotalWeeksWorked>0</TotalWeeksWorked>
    <NumberOfHoursWorkedAfterClaimEffectiveDate>0</NumberOfHoursWorkedAfterClaimEffectiveDate>
    <EmployerSepReasonCode>6</EmployerSepReasonCode>
    <AverageNumberofHoursWorkedperWeek>0</AverageNumberofHoursWorkedperWeek>
    <ClaimantPensionContributionPercent>0</ClaimantPensionContributionPercent>
    <VoluntarySepReasonCode>6</VoluntarySepReasonCode>
    <ClaimantActionsToAvoidQuitInd>N</ClaimantActionsToAvoidQuitInd>
    <ContinuingWorkAvailableInd>Y</ContinuingWorkAvailableInd>
    <VoluntarySepReasonComments>Claimant moved out of the area and resigned to Tina Klein, Assistant Store Director. Please see attached resignation.</VoluntarySepReasonComments>
    <PreparerTypeCode>T</PreparerTypeCode>
    <PreparerCompanyName>CORPORATE COST CONTROL</PreparerCompanyName>
    <PreparerTelephoneNumberPlusExt>9724990813208</PreparerTelephoneNumberPlusExt>
    <PreparerContactName>STACEY LOPEZ-CCC</PreparerContactName>
    <PreparerTitle>Claims Analyst</PreparerTitle>
    <PreparerFaxNbr>9724990703</PreparerFaxNbr>
    <PreparerEmailAddress>slopez@corporatecostcontrol.com</PreparerEmailAddress>
    <BrokerRecordEffectiveDate>2019-01-02T13:30:42</BrokerRecordEffectiveDate>
  </EmployerTPASeparationResponse>
</EmployerTPASeparation>