<?xml version="1.0"?>
<EmployerTPASeparation xmlns:xsd="http://www.w3.org/2001/XMLSchema" xmlns:xsi="http://www.w3.org/2001/XMLSchema-instance" xmlns="https://uidataexchange.org/schemas">
  <EmployerTPASeparationRequest>
    <StateRequestRecordGUID>3ca1370a99c84f76903b0aeb619b4701</StateRequestRecordGUID>
    <SSN>554811218</SSN>
    <ClaimEffectiveDate>2018-12-23</ClaimEffectiveDate>
    <StateEmployerAccountNbr>9440159</StateEmployerAccountNbr>
    <EmployerName>COUNTY OF SAN BERNARDINO</EmployerName>
    <FEIN>999999999</FEIN>
    <TypeofEmployerCode>2</TypeofEmployerCode>
    <TypeofClaimCode>1</TypeofClaimCode>
    <BenefitYearBeginDate>2018-12-23</BenefitYearBeginDate>
    <RequestingStateAbbreviation>CA</RequestingStateAbbreviation>
    <UIOfficeName>CA EDD  #0190</UIOfficeName>
    <UIOfficePhone>8003005616</UIOfficePhone>
    <ClaimantLastName>TALAVERA</ClaimantLastName>
    <ClaimantFirstName>ANA</ClaimantFirstName>
    <ClaimantMiddleInitial>I</ClaimantMiddleInitial>
    <ClaimantReportedLastDayofWork>2018-12-17</ClaimantReportedLastDayofWork>
    <WagesWeeksNeededCode>NA</WagesWeeksNeededCode>
    <ClaimantSepReasonCode>2</ClaimantSepReasonCode>
    <ClaimantSepReasonComments>ASSIGNMENT COMPLETED</ClaimantSepReasonComments>
    <RequestDate>2018-12-24</RequestDate>
    <ResponseDueDate>2019-01-03</ResponseDueDate>
    <FormNumber>DE 1101CZ</FormNumber>
  </EmployerTPASeparationRequest>
  <EmployerTPASeparationResponse xsi:type="StateSeparationResponseType">
    <StateRequestRecordGUID>3ca1370a-99c8-4f76-903b-0aeb619b4701</StateRequestRecordGUID>
    <BrokerRecordTransactionNumber>27770961</BrokerRecordTransactionNumber>
    <RequestDate>0001-01-01</RequestDate>
    <ResponseDueDate>0001-01-01</ResponseDueDate>
    <SSN>554811218</SSN>
    <ClaimEffectiveDate>2018-12-23</ClaimEffectiveDate>
    <StateEmployerAccountNbr>9440159</StateEmployerAccountNbr>
    <EmployerName>COUNTY OF SAN BERNARDINO</EmployerName>
    <ClaimantLastName>TALAVERA</ClaimantLastName>
    <ClaimantFirstName>ANA</ClaimantFirstName>
    <ClaimantMiddleInitial>I</ClaimantMiddleInitial>
    <SeasonalEmploymentInd>N</SeasonalEmploymentInd>
    <EmployerReportedClaimantLastDayofWork>2019-01-02</EmployerReportedClaimantLastDayofWork>
    <TotalWeeksWorked>0</TotalWeeksWorked>
    <NumberOfHoursWorkedAfterClaimEffectiveDate>0</NumberOfHoursWorkedAfterClaimEffectiveDate>
    <EmployerSepReasonCode>2</EmployerSepReasonCode>
    <ReturnToWorkInd>N</ReturnToWorkInd>
    <WorkingAllAvailableHoursInd>Y</WorkingAllAvailableHoursInd>
    <AverageNumberofHoursWorkedperWeek>0</AverageNumberofHoursWorkedperWeek>
    <MandatoryRetirementInd>N</MandatoryRetirementInd>
    <ClaimantPensionContributionPercent>0</ClaimantPensionContributionPercent>
    <EmployerSepReasonComments>none</EmployerSepReasonComments>
    <PreparerTypeCode>T</PreparerTypeCode>
    <PreparerCompanyName>Employers Edge</PreparerCompanyName>
    <PreparerTelephoneNumberPlusExt>7204410738</PreparerTelephoneNumberPlusExt>
    <PreparerContactName>Ashley Wiker</PreparerContactName>
    <PreparerTitle>Claim Specialist</PreparerTitle>
    <PreparerEmailAddress>awiker@employersedge.com</PreparerEmailAddress>
    <BrokerRecordEffectiveDate>2019-01-02T14:15:11</BrokerRecordEffectiveDate>
  </EmployerTPASeparationResponse>
</EmployerTPASeparation>