<?xml version="1.0"?>
<EmployerTPASeparation xmlns:xsd="http://www.w3.org/2001/XMLSchema" xmlns:xsi="http://www.w3.org/2001/XMLSchema-instance" xmlns="https://uidataexchange.org/schemas">
  <EmployerTPASeparationRequest>
    <StateRequestRecordGUID>5e9188ff39f74fbc9924746c427397ae</StateRequestRecordGUID>
    <SSN>622847235</SSN>
    <ClaimEffectiveDate>2018-12-30</ClaimEffectiveDate>
    <StateEmployerAccountNbr>1703071</StateEmployerAccountNbr>
    <EmployerName>ALBERTSON'S LLC</EmployerName>
    <FEIN>820184434</FEIN>
    <TypeofEmployerCode>2</TypeofEmployerCode>
    <TypeofClaimCode>1</TypeofClaimCode>
    <BenefitYearBeginDate>2018-12-30</BenefitYearBeginDate>
    <RequestingStateAbbreviation>CA</RequestingStateAbbreviation>
    <UIOfficeName>CA EDD  #0400</UIOfficeName>
    <UIOfficePhone>8003005616</UIOfficePhone>
    <ClaimantLastName>DIAZ</ClaimantLastName>
    <ClaimantFirstName>JOANNA</ClaimantFirstName>
    <ClaimantMiddleInitial>I</ClaimantMiddleInitial>
    <ClaimantReportedLastDayofWork>2018-10-10</ClaimantReportedLastDayofWork>
    <WagesWeeksNeededCode>NA</WagesWeeksNeededCode>
    <ClaimantSepReasonCode>3</ClaimantSepReasonCode>
    <ClaimantSepReasonComments>TERMAINATED DUE TO MISS DAYS OF WORK</ClaimantSepReasonComments>
    <RequestDate>2018-12-31</RequestDate>
    <ResponseDueDate>2019-01-10</ResponseDueDate>
    <FormNumber>DE 1101CZ</FormNumber>
  </EmployerTPASeparationRequest>
  <EmployerTPASeparationResponse xsi:type="StateSeparationResponseType">
    <StateRequestRecordGUID>5e9188ff-39f7-4fbc-9924-746c427397ae</StateRequestRecordGUID>
    <BrokerRecordTransactionNumber>27895150</BrokerRecordTransactionNumber>
    <RequestDate>0001-01-01</RequestDate>
    <ResponseDueDate>0001-01-01</ResponseDueDate>
    <SSN>622847235</SSN>
    <ClaimEffectiveDate>2018-12-30</ClaimEffectiveDate>
    <StateEmployerAccountNbr>1703071</StateEmployerAccountNbr>
    <EmployerName>ALBERTSON'S LLC</EmployerName>
    <ClaimantLastName>DIAZ</ClaimantLastName>
    <ClaimantFirstName>JOANNA</ClaimantFirstName>
    <ClaimantMiddleInitial>I</ClaimantMiddleInitial>
    <EmployerReportedClaimantFirstDayofWork>2018-01-12</EmployerReportedClaimantFirstDayofWork>
    <EmployerReportedClaimantLastDayofWork>2018-10-21</EmployerReportedClaimantLastDayofWork>
    <EffectiveSeparationDate>2018-10-25</EffectiveSeparationDate>
    <TotalWeeksWorked>0</TotalWeeksWorked>
    <NumberOfHoursWorkedAfterClaimEffectiveDate>0</NumberOfHoursWorkedAfterClaimEffectiveDate>
    <EmployerSepReasonCode>6</EmployerSepReasonCode>
    <AverageNumberofHoursWorkedperWeek>0</AverageNumberofHoursWorkedperWeek>
    <ClaimantPensionContributionPercent>0</ClaimantPensionContributionPercent>
    <VoluntarySepReasonCode>6</VoluntarySepReasonCode>
    <ClaimantActionsToAvoidQuitInd>N</ClaimantActionsToAvoidQuitInd>
    <ContinuingWorkAvailableInd>Y</ContinuingWorkAvailableInd>
    <VoluntarySepReasonComments>Voluntary Quit -"Dealing with family issues". The claimant  was a no call no show for 3 days (10/22,10/23,10/24) she came in to pick up her check on 10/26/2018 and filled out voluntary quit notice. Resignation given to Wanda Taylor Assistant Store Director. Please see attached.</VoluntarySepReasonComments>
    <PreparerTypeCode>T</PreparerTypeCode>
    <PreparerCompanyName>CORPORATE COST CONTROL</PreparerCompanyName>
    <PreparerTelephoneNumberPlusExt>9724990813208</PreparerTelephoneNumberPlusExt>
    <PreparerContactName>STACEY LOPEZ-CCC</PreparerContactName>
    <PreparerTitle>Claims Analyst</PreparerTitle>
    <PreparerFaxNbr>9724990703</PreparerFaxNbr>
    <PreparerEmailAddress>slopez@corporatecostcontrol.com</PreparerEmailAddress>
    <BrokerRecordEffectiveDate>2019-01-02T13:31:30</BrokerRecordEffectiveDate>
  </EmployerTPASeparationResponse>
</EmployerTPASeparation>