<?xml version="1.0"?>
<EmployerTPASeparation xmlns:xsd="http://www.w3.org/2001/XMLSchema" xmlns:xsi="http://www.w3.org/2001/XMLSchema-instance" xmlns="https://uidataexchange.org/schemas">
  <EmployerTPASeparationRequest>
    <StateRequestRecordGUID>e5f09274c5074a6aa781b76d20aa86ef</StateRequestRecordGUID>
    <SSN>566473519</SSN>
    <ClaimEffectiveDate>2018-12-23</ClaimEffectiveDate>
    <StateEmployerAccountNbr>9100606</StateEmployerAccountNbr>
    <EmployerName>UNIV OF SOUTHERN CA</EmployerName>
    <FEIN>951642394</FEIN>
    <TypeofEmployerCode>2</TypeofEmployerCode>
    <TypeofClaimCode>1</TypeofClaimCode>
    <BenefitYearBeginDate>2018-12-23</BenefitYearBeginDate>
    <RequestingStateAbbreviation>CA</RequestingStateAbbreviation>
    <UIOfficeName>CA EDD  #0190</UIOfficeName>
    <UIOfficePhone>8003005616</UIOfficePhone>
    <ClaimantLastName>PARKER</ClaimantLastName>
    <ClaimantFirstName>JENNIFER</ClaimantFirstName>
    <ClaimantMiddleInitial>K</ClaimantMiddleInitial>
    <ClaimantReportedLastDayofWork>2018-12-13</ClaimantReportedLastDayofWork>
    <WagesWeeksNeededCode>NA</WagesWeeksNeededCode>
    <ClaimantSepReasonCode>3</ClaimantSepReasonCode>
    <ClaimantSepReasonComments>EMPLOYER REPLACED CLMT'S POSITION- WAS SENT EMAIL UNABLE TO RETURN NEXT SCH YEAR. GOT 4.71 OUT OF 5</ClaimantSepReasonComments>
    <RequestDate>2018-12-24</RequestDate>
    <ResponseDueDate>2019-01-03</ResponseDueDate>
    <FormNumber>DE 1101CZ</FormNumber>
  </EmployerTPASeparationRequest>
  <EmployerTPASeparationResponse xsi:type="StateSeparationResponseType">
    <StateRequestRecordGUID>e5f09274-c507-4a6a-a781-b76d20aa86ef</StateRequestRecordGUID>
    <BrokerRecordTransactionNumber>27770314</BrokerRecordTransactionNumber>
    <RequestDate>0001-01-01</RequestDate>
    <ResponseDueDate>0001-01-01</ResponseDueDate>
    <SSN>566473519</SSN>
    <ClaimEffectiveDate>2018-12-23</ClaimEffectiveDate>
    <StateEmployerAccountNbr>9100606</StateEmployerAccountNbr>
    <EmployerName>UNIV OF SOUTHERN CA</EmployerName>
    <ClaimantLastName>PARKER</ClaimantLastName>
    <ClaimantFirstName>JENNIFER</ClaimantFirstName>
    <ClaimantMiddleInitial>K</ClaimantMiddleInitial>
    <ClaimantJobTitle>LECTURER</ClaimantJobTitle>
    <EmployerReportedClaimantFirstDayofWork>2013-07-01</EmployerReportedClaimantFirstDayofWork>
    <EmployerReportedClaimantLastDayofWork>2018-12-31</EmployerReportedClaimantLastDayofWork>
    <TotalWeeksWorked>0</TotalWeeksWorked>
    <NumberOfHoursWorkedAfterClaimEffectiveDate>0</NumberOfHoursWorkedAfterClaimEffectiveDate>
    <EmployerSepReasonCode>2</EmployerSepReasonCode>
    <AverageNumberofHoursWorkedperWeek>0</AverageNumberofHoursWorkedperWeek>
    <ContributoryorNotContributoryClaimantInd>N</ContributoryorNotContributoryClaimantInd>
    <ClaimantPensionContributionPercent>0</ClaimantPensionContributionPercent>
    <EmployerSepReasonComments>The claimant completed a temporary assignment.|  What were the first and last day of work for the most recent assignment he/she performed? 08/16/2018 - 12/31/2018</EmployerSepReasonComments>
    <PreparerTypeCode>T</PreparerTypeCode>
    <PreparerCompanyName>TALX UCM Services, Inc.</PreparerCompanyName>
    <PreparerTelephoneNumberPlusExt>80082915107692</PreparerTelephoneNumberPlusExt>
    <PreparerContactName>Steven Mintz</PreparerContactName>
    <PreparerTitle>Unemployment Insurance Consult</PreparerTitle>
    <PreparerFaxNbr>3149833127</PreparerFaxNbr>
    <BrokerRecordEffectiveDate>2019-01-02T14:07:34</BrokerRecordEffectiveDate>
  </EmployerTPASeparationResponse>
</EmployerTPASeparation>