<?xml version="1.0"?>
<EmployerTPASeparation xmlns:xsd="http://www.w3.org/2001/XMLSchema" xmlns:xsi="http://www.w3.org/2001/XMLSchema-instance" xmlns="https://uidataexchange.org/schemas">
  <EmployerTPASeparationRequest>
    <StateRequestRecordGUID>174831e1872d479a98c3edf3316e63f2</StateRequestRecordGUID>
    <SSN>528338555</SSN>
    <ClaimEffectiveDate>2018-12-23</ClaimEffectiveDate>
    <StateEmployerAccountNbr>2115957</StateEmployerAccountNbr>
    <EmployerName>GEOCON INCORPORATED</EmployerName>
    <FEIN>211595700</FEIN>
    <TypeofEmployerCode>2</TypeofEmployerCode>
    <TypeofClaimCode>1</TypeofClaimCode>
    <BenefitYearBeginDate>2018-12-23</BenefitYearBeginDate>
    <RequestingStateAbbreviation>CA</RequestingStateAbbreviation>
    <UIOfficeName>CA EDD  #0490</UIOfficeName>
    <UIOfficePhone>8003005616</UIOfficePhone>
    <ClaimantLastName>CONNER</ClaimantLastName>
    <ClaimantFirstName>BRETT</ClaimantFirstName>
    <ClaimantMiddleInitial>G</ClaimantMiddleInitial>
    <ClaimantReportedLastDayofWork>2018-12-26</ClaimantReportedLastDayofWork>
    <WagesWeeksNeededCode>NA</WagesWeeksNeededCode>
    <ClaimantSepReasonCode>3</ClaimantSepReasonCode>
    <ClaimantSepReasonComments>REASONS NOT LISTED</ClaimantSepReasonComments>
    <RequestDate>2018-12-31</RequestDate>
    <ResponseDueDate>2019-01-10</ResponseDueDate>
    <FormNumber>DE 1101CZ</FormNumber>
    <PIN>l8MvEipU</PIN>
  </EmployerTPASeparationRequest>
  <EmployerTPASeparationResponse xsi:type="StateSeparationResponseType">
    <StateRequestRecordGUID>174831e1-872d-479a-98c3-edf3316e63f2</StateRequestRecordGUID>
    <BrokerRecordTransactionNumber>27894081</BrokerRecordTransactionNumber>
    <RequestDate>0001-01-01</RequestDate>
    <ResponseDueDate>0001-01-01</ResponseDueDate>
    <SSN>528338555</SSN>
    <ClaimEffectiveDate>2018-12-23</ClaimEffectiveDate>
    <StateEmployerAccountNbr>2115957</StateEmployerAccountNbr>
    <EmployerName>GEOCON INCORPORATED</EmployerName>
    <ClaimantLastName>CONNER</ClaimantLastName>
    <ClaimantFirstName>BRETT</ClaimantFirstName>
    <ClaimantMiddleInitial>G</ClaimantMiddleInitial>
    <ClaimantJobTitle>Senior Geologist</ClaimantJobTitle>
    <SeasonalEmploymentInd>N</SeasonalEmploymentInd>
    <EmployerReportedClaimantFirstDayofWork>2016-06-13</EmployerReportedClaimantFirstDayofWork>
    <EmployerReportedClaimantLastDayofWork>2018-12-26</EmployerReportedClaimantLastDayofWork>
    <TotalWeeksWorked>0</TotalWeeksWorked>
    <WagesEarnedAfterClaimEffectiveDate>632.00</WagesEarnedAfterClaimEffectiveDate>
    <NumberOfHoursWorkedAfterClaimEffectiveDate>8</NumberOfHoursWorkedAfterClaimEffectiveDate>
    <AverageWeeklyWage>1580.00</AverageWeeklyWage>
    <EmployerSepReasonCode>3</EmployerSepReasonCode>
    <Remuneration>
      <RemunerationTypeCode>4</RemunerationTypeCode>
      <RemunerationAmountPerPeriod>316.00</RemunerationAmountPerPeriod>
      <RemunerationPeriodFrequencyCode>D</RemunerationPeriodFrequencyCode>
      <DateRemunerationIssued>2018-12-26</DateRemunerationIssued>
      <EmployerAllocationInd>N</EmployerAllocationInd>
    </Remuneration>
    <Remuneration>
      <RemunerationTypeCode>3</RemunerationTypeCode>
      <RemunerationAmountPerPeriod>3263.49</RemunerationAmountPerPeriod>
      <RemunerationPeriodFrequencyCode>L</RemunerationPeriodFrequencyCode>
      <DateRemunerationIssued>2018-12-26</DateRemunerationIssued>
      <EmployerAllocationInd>N</EmployerAllocationInd>
    </Remuneration>
    <Remuneration>
      <RemunerationTypeCode>12</RemunerationTypeCode>
      <RemunerationAmountPerPeriod>79.00</RemunerationAmountPerPeriod>
      <RemunerationPeriodFrequencyCode>D</RemunerationPeriodFrequencyCode>
      <DateRemunerationIssued>2018-12-26</DateRemunerationIssued>
      <EmployerAllocationInd>N</EmployerAllocationInd>
    </Remuneration>
    <Remuneration>
      <RemunerationTypeCode>14</RemunerationTypeCode>
      <RemunerationAmountPerPeriod>1817.00</RemunerationAmountPerPeriod>
      <RemunerationPeriodFrequencyCode>L</RemunerationPeriodFrequencyCode>
      <DateRemunerationIssued>2018-12-26</DateRemunerationIssued>
      <EmployerAllocationInd>N</EmployerAllocationInd>
    </Remuneration>
    <AverageNumberofHoursWorkedperWeek>40</AverageNumberofHoursWorkedperWeek>
    <ClaimantPensionContributionPercent>0</ClaimantPensionContributionPercent>
    <DischargeReasonCode>1</DischargeReasonCode>
    <FinalIncidentReason>Mr. Conner publicly argued with one of the owners of our company in front of a very important client. He displayed a lack of understanding of how our company provides services to clients. This was part of a pattern of behavior that was inappropriate for his senior position.</FinalIncidentReason>
    <FinalIncidentDate>2018-12-21</FinalIncidentDate>
    <ViolateCompanyPolicyInd>Y</ViolateCompanyPolicyInd>
    <DischargePolicyAwareInd>Y</DischargePolicyAwareInd>
    <DischargePolicyAwareExplanationCode>V</DischargePolicyAwareExplanationCode>
    <PriorIncidentOccurrence>
      <PriorIncidentDate>2018-08-09</PriorIncidentDate>
      <PriorIncidentReason>Mr. Conner was overly harsh speaking to a long-time employee, causing her to complain to his supervisor. The supervisor spoke to him and Mr. Conner said he understood what he did was wrong.</PriorIncidentReason>
      <PriorIncidentWarningInd>N</PriorIncidentWarningInd>
    </PriorIncidentOccurrence>
    <PriorIncidentOccurrence>
      <PriorIncidentDate>2018-01-04</PriorIncidentDate>
      <PriorIncidentReason>Mr. Conner was easily frustrated by a complex project, showing his inability to perform his senior role. He admitted to being overwhelmed and frustrated.</PriorIncidentReason>
      <PriorIncidentWarningInd>N</PriorIncidentWarningInd>
    </PriorIncidentOccurrence>
    <PriorIncidentOccurrence>
      <PriorIncidentDate>2017-03-13</PriorIncidentDate>
      <PriorIncidentReason>Mr. Conner was insubordinate in speaking to his supervisor, one of the owners of the company. He apologized the next day.</PriorIncidentReason>
      <PriorIncidentWarningInd>N</PriorIncidentWarningInd>
    </PriorIncidentOccurrence>
    <WhoDischargedName>Troy Reist</WhoDischargedName>
    <WhoDischargedTitle>Senior Geologist</WhoDischargedTitle>
    <DischargeReasonComments>The claimant was unable to handle the stress of the senior position he was in. He was easily frustrated and became insubordinate. His supervisor did not feel he could trust Mr. Conner to speak with clients. However, the supervisor wishes it to be noted that he does not want to contest Mr. Conner's unemployment claim. He does not feel that Mr. Conner's behavior reached a level such that denying him unemployment would be appropriate.</DischargeReasonComments>
    <PreparerTypeCode>E</PreparerTypeCode>
    <PreparerTelephoneNumberPlusExt>8585586900221</PreparerTelephoneNumberPlusExt>
    <PreparerContactName>Gabrielle New</PreparerContactName>
    <PreparerTitle>HR Generalist</PreparerTitle>
    <PreparerFaxNbr>8584509177</PreparerFaxNbr>
    <PreparerEmailAddress>hr@geoconinc.com</PreparerEmailAddress>
    <BrokerRecordEffectiveDate>2019-01-02T14:09:49</BrokerRecordEffectiveDate>
  </EmployerTPASeparationResponse>
</EmployerTPASeparation>