<?xml version="1.0"?>
<EmployerTPASeparation xmlns:xsd="http://www.w3.org/2001/XMLSchema" xmlns:xsi="http://www.w3.org/2001/XMLSchema-instance" xmlns="https://uidataexchange.org/schemas">
  <EmployerTPASeparationRequest>
    <StateRequestRecordGUID>a1aa003496244546b6165c12670a0e87</StateRequestRecordGUID>
    <SSN>466595366</SSN>
    <ClaimEffectiveDate>2018-12-23</ClaimEffectiveDate>
    <StateEmployerAccountNbr>4024630</StateEmployerAccountNbr>
    <EmployerName>TA OPERATING LLC</EmployerName>
    <FEIN>341747077</FEIN>
    <TypeofEmployerCode>2</TypeofEmployerCode>
    <TypeofClaimCode>1</TypeofClaimCode>
    <BenefitYearBeginDate>2018-12-23</BenefitYearBeginDate>
    <RequestingStateAbbreviation>CA</RequestingStateAbbreviation>
    <UIOfficeName>CA EDD  #1450</UIOfficeName>
    <UIOfficePhone>8003005616</UIOfficePhone>
    <ClaimantLastName>CHAIREZ</ClaimantLastName>
    <ClaimantFirstName>VANESSA</ClaimantFirstName>
    <ClaimantReportedLastDayofWork>2018-12-04</ClaimantReportedLastDayofWork>
    <WagesWeeksNeededCode>NA</WagesWeeksNeededCode>
    <ClaimantSepReasonCode>6</ClaimantSepReasonCode>
    <ClaimantSepReasonComments>MOVED</ClaimantSepReasonComments>
    <RequestDate>2018-12-27</RequestDate>
    <ResponseDueDate>2019-01-07</ResponseDueDate>
    <FormNumber>DE 1101CZ</FormNumber>
  </EmployerTPASeparationRequest>
  <EmployerTPASeparationResponse xsi:type="StateSeparationResponseType">
    <StateRequestRecordGUID>a1aa0034-9624-4546-b616-5c12670a0e87</StateRequestRecordGUID>
    <BrokerRecordTransactionNumber>27833222</BrokerRecordTransactionNumber>
    <RequestDate>0001-01-01</RequestDate>
    <ResponseDueDate>0001-01-01</ResponseDueDate>
    <SSN>466595366</SSN>
    <ClaimEffectiveDate>2018-12-23</ClaimEffectiveDate>
    <StateEmployerAccountNbr>4024630</StateEmployerAccountNbr>
    <EmployerName>TA OPERATING LLC</EmployerName>
    <ClaimantLastName>CHAIREZ</ClaimantLastName>
    <ClaimantFirstName>VANESSA</ClaimantFirstName>
    <ClaimantJobTitle>Customer Service/$11.28/hr</ClaimantJobTitle>
    <SeasonalEmploymentInd>N</SeasonalEmploymentInd>
    <EmployerReportedClaimantFirstDayofWork>2016-01-05</EmployerReportedClaimantFirstDayofWork>
    <EmployerReportedClaimantLastDayofWork>2018-12-04</EmployerReportedClaimantLastDayofWork>
    <TotalWeeksWorked>0</TotalWeeksWorked>
    <NumberOfHoursWorkedAfterClaimEffectiveDate>0</NumberOfHoursWorkedAfterClaimEffectiveDate>
    <EmployerSepReasonCode>6</EmployerSepReasonCode>
    <ReturnToWorkInd>N</ReturnToWorkInd>
    <WorkingAllAvailableHoursInd>Y</WorkingAllAvailableHoursInd>
    <AverageNumberofHoursWorkedperWeek>0</AverageNumberofHoursWorkedperWeek>
    <MandatoryRetirementInd>N</MandatoryRetirementInd>
    <ClaimantPensionContributionPercent>0</ClaimantPensionContributionPercent>
    <EmployerSepReasonComments>PLEASE CONTACT MADISON APODACA AT 720-420-7413 IF ADDITIONAL INFORMATION IS NEEDED.</EmployerSepReasonComments>
    <VoluntarySepReasonCode>6</VoluntarySepReasonCode>
    <ClaimantActionsToAvoidQuitInd>N</ClaimantActionsToAvoidQuitInd>
    <ContinuingWorkAvailableInd>Y</ContinuingWorkAvailableInd>
    <VoluntarySepReasonComments>We request relief from charges pursuant to sections 1032 and 1256 of the code.</VoluntarySepReasonComments>
    <PreparerTypeCode>T</PreparerTypeCode>
    <PreparerCompanyName>Employers Edge</PreparerCompanyName>
    <PreparerTelephoneNumberPlusExt>7204207359</PreparerTelephoneNumberPlusExt>
    <PreparerContactName>Alexandria Sandoval</PreparerContactName>
    <PreparerTitle>Claim Specialist</PreparerTitle>
    <PreparerEmailAddress>alSandoval@employersedge.com</PreparerEmailAddress>
    <BrokerRecordEffectiveDate>2019-01-02T14:00:10</BrokerRecordEffectiveDate>
  </EmployerTPASeparationResponse>
</EmployerTPASeparation>