<?xml version="1.0"?>
<EmployerTPASeparation xmlns:xsd="http://www.w3.org/2001/XMLSchema" xmlns:xsi="http://www.w3.org/2001/XMLSchema-instance" xmlns="https://uidataexchange.org/schemas">
  <EmployerTPASeparationRequest>
    <StateRequestRecordGUID>e92bfb191956455cb9f2850bbd54fb04</StateRequestRecordGUID>
    <SSN>552083256</SSN>
    <ClaimEffectiveDate>2018-12-23</ClaimEffectiveDate>
    <StateEmployerAccountNbr>0901570</StateEmployerAccountNbr>
    <EmployerName>LYONS MAGNUS, LLC</EmployerName>
    <FEIN>822966358</FEIN>
    <TypeofEmployerCode>2</TypeofEmployerCode>
    <TypeofClaimCode>1</TypeofClaimCode>
    <BenefitYearBeginDate>2018-12-23</BenefitYearBeginDate>
    <RequestingStateAbbreviation>CA</RequestingStateAbbreviation>
    <UIOfficeName>CA EDD  #0490</UIOfficeName>
    <UIOfficePhone>8003005616</UIOfficePhone>
    <ClaimantLastName>ALLEN</ClaimantLastName>
    <ClaimantFirstName>RICHARD</ClaimantFirstName>
    <ClaimantReportedLastDayofWork>2018-12-20</ClaimantReportedLastDayofWork>
    <WagesWeeksNeededCode>NA</WagesWeeksNeededCode>
    <ClaimantSepReasonCode>2</ClaimantSepReasonCode>
    <ClaimantSepReasonComments>SHUTDOWN</ClaimantSepReasonComments>
    <RequestDate>2018-12-24</RequestDate>
    <ResponseDueDate>2019-01-03</ResponseDueDate>
    <FormNumber>DE 1101CZ</FormNumber>
  </EmployerTPASeparationRequest>
  <EmployerTPASeparationResponse xsi:type="StateSeparationResponseType">
    <StateRequestRecordGUID>e92bfb19-1956-455c-b9f2-850bbd54fb04</StateRequestRecordGUID>
    <BrokerRecordTransactionNumber>27770975</BrokerRecordTransactionNumber>
    <RequestDate>0001-01-01</RequestDate>
    <ResponseDueDate>0001-01-01</ResponseDueDate>
    <SSN>552083256</SSN>
    <ClaimEffectiveDate>2018-12-23</ClaimEffectiveDate>
    <StateEmployerAccountNbr>0901570</StateEmployerAccountNbr>
    <EmployerName>LYONS MAGNUS, LLC</EmployerName>
    <ClaimantLastName>ALLEN</ClaimantLastName>
    <ClaimantFirstName>RICHARD</ClaimantFirstName>
    <ClaimantJobTitle>Pallet Stacker</ClaimantJobTitle>
    <SeasonalEmploymentInd>N</SeasonalEmploymentInd>
    <EmployerReportedClaimantFirstDayofWork>2018-03-09</EmployerReportedClaimantFirstDayofWork>
    <EmployerReportedClaimantLastDayofWork>2018-12-20</EmployerReportedClaimantLastDayofWork>
    <TotalWeeksWorked>0</TotalWeeksWorked>
    <NumberOfHoursWorkedAfterClaimEffectiveDate>0</NumberOfHoursWorkedAfterClaimEffectiveDate>
    <EmployerSepReasonCode>1</EmployerSepReasonCode>
    <ReturnToWorkInd>N</ReturnToWorkInd>
    <WorkingAllAvailableHoursInd>Y</WorkingAllAvailableHoursInd>
    <AverageNumberofHoursWorkedperWeek>0</AverageNumberofHoursWorkedperWeek>
    <MandatoryRetirementInd>N</MandatoryRetirementInd>
    <ClaimantPensionContributionPercent>0</ClaimantPensionContributionPercent>
    <EmployerSepReasonComments>The claimant has been temporarily laid off due to preventative maintenance and is expected to return to work on 1/2/2019.</EmployerSepReasonComments>
    <PreparerTypeCode>T</PreparerTypeCode>
    <PreparerCompanyName>Employers Edge</PreparerCompanyName>
    <PreparerTelephoneNumberPlusExt>7204207413</PreparerTelephoneNumberPlusExt>
    <PreparerContactName>Shanae Curry for Madison Apodaca</PreparerContactName>
    <PreparerTitle>Claim Specialist</PreparerTitle>
    <PreparerEmailAddress>mapodaca@employersedge.com</PreparerEmailAddress>
    <BrokerRecordEffectiveDate>2019-01-02T13:45:20</BrokerRecordEffectiveDate>
  </EmployerTPASeparationResponse>
</EmployerTPASeparation>