<?xml version="1.0"?>
<EmployerTPASeparation xmlns:xsd="http://www.w3.org/2001/XMLSchema" xmlns:xsi="http://www.w3.org/2001/XMLSchema-instance" xmlns="https://uidataexchange.org/schemas">
  <EmployerTPASeparationRequest>
    <StateRequestRecordGUID>13a9a0649ac54b96adc7faab20626913</StateRequestRecordGUID>
    <SSN>554973785</SSN>
    <ClaimEffectiveDate>2018-12-16</ClaimEffectiveDate>
    <StateEmployerAccountNbr>4230526</StateEmployerAccountNbr>
    <EmployerName>KDI ELEMENTS</EmployerName>
    <FEIN>330692138</FEIN>
    <TypeofEmployerCode>2</TypeofEmployerCode>
    <TypeofClaimCode>1</TypeofClaimCode>
    <BenefitYearBeginDate>2018-12-16</BenefitYearBeginDate>
    <RequestingStateAbbreviation>CA</RequestingStateAbbreviation>
    <UIOfficeName>CA EDD  #1860</UIOfficeName>
    <UIOfficePhone>8003005616</UIOfficePhone>
    <ClaimantLastName>MUNOZ AVILA</ClaimantLastName>
    <ClaimantFirstName>MARTIN</ClaimantFirstName>
    <ClaimantReportedLastDayofWork>2018-12-21</ClaimantReportedLastDayofWork>
    <WagesWeeksNeededCode>NA</WagesWeeksNeededCode>
    <ClaimantSepReasonCode>2</ClaimantSepReasonCode>
    <ClaimantSepReasonComments>WORK IS SLOW.</ClaimantSepReasonComments>
    <RequestDate>2018-12-27</RequestDate>
    <ResponseDueDate>2019-01-07</ResponseDueDate>
    <FormNumber>DE 1101CZ</FormNumber>
  </EmployerTPASeparationRequest>
  <EmployerTPASeparationResponse xsi:type="StateSeparationResponseType">
    <StateRequestRecordGUID>13a9a064-9ac5-4b96-adc7-faab20626913</StateRequestRecordGUID>
    <BrokerRecordTransactionNumber>27833229</BrokerRecordTransactionNumber>
    <RequestDate>0001-01-01</RequestDate>
    <ResponseDueDate>0001-01-01</ResponseDueDate>
    <SSN>554973785</SSN>
    <ClaimEffectiveDate>2018-12-16</ClaimEffectiveDate>
    <StateEmployerAccountNbr>4230526</StateEmployerAccountNbr>
    <EmployerName>KDI ELEMENTS</EmployerName>
    <ClaimantLastName>MUNOZ AVILA</ClaimantLastName>
    <ClaimantFirstName>MARTIN</ClaimantFirstName>
    <SeasonalEmploymentInd>N</SeasonalEmploymentInd>
    <EmployerReportedClaimantLastDayofWork>2018-12-21</EmployerReportedClaimantLastDayofWork>
    <TotalWeeksWorked>0</TotalWeeksWorked>
    <NumberOfHoursWorkedAfterClaimEffectiveDate>0</NumberOfHoursWorkedAfterClaimEffectiveDate>
    <EmployerSepReasonCode>2</EmployerSepReasonCode>
    <ReturnToWorkInd>N</ReturnToWorkInd>
    <WorkingAllAvailableHoursInd>Y</WorkingAllAvailableHoursInd>
    <AverageNumberofHoursWorkedperWeek>0</AverageNumberofHoursWorkedperWeek>
    <MandatoryRetirementInd>N</MandatoryRetirementInd>
    <ClaimantPensionContributionPercent>0</ClaimantPensionContributionPercent>
    <EmployerSepReasonComments>none</EmployerSepReasonComments>
    <PreparerTypeCode>T</PreparerTypeCode>
    <PreparerCompanyName>Employers Edge</PreparerCompanyName>
    <PreparerTelephoneNumberPlusExt>7204410738</PreparerTelephoneNumberPlusExt>
    <PreparerContactName>Ashley Wiker</PreparerContactName>
    <PreparerTitle>Claim Specialist</PreparerTitle>
    <PreparerEmailAddress>awiker@employersedge.com</PreparerEmailAddress>
    <BrokerRecordEffectiveDate>2019-01-02T13:30:04</BrokerRecordEffectiveDate>
  </EmployerTPASeparationResponse>
</EmployerTPASeparation>