<?xml version="1.0"?>
<EmployerTPASeparation xmlns:xsd="http://www.w3.org/2001/XMLSchema" xmlns:xsi="http://www.w3.org/2001/XMLSchema-instance" xmlns="https://uidataexchange.org/schemas">
  <EmployerTPASeparationRequest>
    <StateRequestRecordGUID>2e19515d6e5d4e63addff625507f8718</StateRequestRecordGUID>
    <SSN>584678171</SSN>
    <ClaimEffectiveDate>2018-12-23</ClaimEffectiveDate>
    <StateEmployerAccountNbr>9320081</StateEmployerAccountNbr>
    <EmployerName>CITY &amp; COUNTY OF SAN FRAN</EmployerName>
    <FEIN>943248335</FEIN>
    <TypeofEmployerCode>2</TypeofEmployerCode>
    <TypeofClaimCode>1</TypeofClaimCode>
    <BenefitYearBeginDate>2018-12-23</BenefitYearBeginDate>
    <RequestingStateAbbreviation>CA</RequestingStateAbbreviation>
    <UIOfficeName>CA EDD  #1450</UIOfficeName>
    <UIOfficePhone>8003005616</UIOfficePhone>
    <ClaimantLastName>BERRIOS</ClaimantLastName>
    <ClaimantFirstName>RAMON</ClaimantFirstName>
    <ClaimantReportedLastDayofWork>2018-10-13</ClaimantReportedLastDayofWork>
    <WagesWeeksNeededCode>NA</WagesWeeksNeededCode>
    <ClaimantSepReasonCode>6</ClaimantSepReasonCode>
    <ClaimantSepReasonComments>TO ATTEND SCHOOL/TO FINISH SCHOOL</ClaimantSepReasonComments>
    <RequestDate>2018-12-27</RequestDate>
    <ResponseDueDate>2019-01-07</ResponseDueDate>
    <FormNumber>DE 1101CZ</FormNumber>
  </EmployerTPASeparationRequest>
  <EmployerTPASeparationResponse xsi:type="StateSeparationResponseType">
    <StateRequestRecordGUID>2e19515d-6e5d-4e63-addf-f625507f8718</StateRequestRecordGUID>
    <BrokerRecordTransactionNumber>27832648</BrokerRecordTransactionNumber>
    <RequestDate>0001-01-01</RequestDate>
    <ResponseDueDate>0001-01-01</ResponseDueDate>
    <SSN>584678171</SSN>
    <ClaimEffectiveDate>2018-12-23</ClaimEffectiveDate>
    <StateEmployerAccountNbr>9320081</StateEmployerAccountNbr>
    <EmployerName>CITY &amp; COUNTY OF SAN FRAN</EmployerName>
    <CorrectedFEIN>946000417</CorrectedFEIN>
    <ClaimantLastName>BERRIOS</ClaimantLastName>
    <ClaimantFirstName>RAMON</ClaimantFirstName>
    <ClaimantJobTitle>PUBLIC SVC AIDE-$15.58</ClaimantJobTitle>
    <EmployerReportedClaimantFirstDayofWork>2018-04-13</EmployerReportedClaimantFirstDayofWork>
    <EmployerReportedClaimantLastDayofWork>2018-10-13</EmployerReportedClaimantLastDayofWork>
    <EffectiveSeparationDate>2018-10-14</EffectiveSeparationDate>
    <TotalWeeksWorked>0</TotalWeeksWorked>
    <NumberOfHoursWorkedAfterClaimEffectiveDate>0</NumberOfHoursWorkedAfterClaimEffectiveDate>
    <EmployerSepReasonCode>6</EmployerSepReasonCode>
    <AverageNumberofHoursWorkedperWeek>0</AverageNumberofHoursWorkedperWeek>
    <ContributoryorNotContributoryClaimantInd>N</ContributoryorNotContributoryClaimantInd>
    <ClaimantPensionContributionPercent>0</ClaimantPensionContributionPercent>
    <VoluntarySepReasonCode>6</VoluntarySepReasonCode>
    <ClaimantActionsToAvoidQuitInd>N</ClaimantActionsToAvoidQuitInd>
    <ContinuingWorkAvailableInd>Y</ContinuingWorkAvailableInd>
    <VoluntarySepReasonComments>The claimant voluntarily quit to attend school.|  Was a written resignation provided by the claimant? If yes, please provide a copy. Yes|  How much notice was given, if any?  To whom? One day notice was given by the claimant.|  Additional comments: The employer also requests a determination on able and available. This was a personal choice and the employer had continuing work available.|  Please note the types of documents attached to the file. Separation Report, Resignation Form.</VoluntarySepReasonComments>
    <PreparerTypeCode>T</PreparerTypeCode>
    <PreparerCompanyName>TALX UCM Services, Inc.</PreparerCompanyName>
    <PreparerTelephoneNumberPlusExt>80082915107893</PreparerTelephoneNumberPlusExt>
    <PreparerContactName>Aprildawn Duerbusch</PreparerContactName>
    <PreparerTitle>Unemployment Insurance Consult</PreparerTitle>
    <PreparerFaxNbr>8882521758</PreparerFaxNbr>
    <BrokerRecordEffectiveDate>2019-01-02T14:07:22</BrokerRecordEffectiveDate>
  </EmployerTPASeparationResponse>
</EmployerTPASeparation>