<?xml version="1.0"?>
<EmployerTPASeparation xmlns:xsd="http://www.w3.org/2001/XMLSchema" xmlns:xsi="http://www.w3.org/2001/XMLSchema-instance" xmlns="https://uidataexchange.org/schemas">
  <EmployerTPASeparationRequest>
    <StateRequestRecordGUID>0259afadab134cb18e68e50458cba17e</StateRequestRecordGUID>
    <SSN>558153907</SSN>
    <ClaimEffectiveDate>2018-12-23</ClaimEffectiveDate>
    <StateEmployerAccountNbr>0259952</StateEmployerAccountNbr>
    <EmployerName>ELWOOD STAFFING SERVICES,</EmployerName>
    <FEIN>351984435</FEIN>
    <TypeofEmployerCode>2</TypeofEmployerCode>
    <TypeofClaimCode>1</TypeofClaimCode>
    <BenefitYearBeginDate>2018-12-23</BenefitYearBeginDate>
    <RequestingStateAbbreviation>CA</RequestingStateAbbreviation>
    <UIOfficeName>CA EDD  #0060</UIOfficeName>
    <UIOfficePhone>8003005616</UIOfficePhone>
    <ClaimantLastName>BALAZS</ClaimantLastName>
    <ClaimantFirstName>JAMIE</ClaimantFirstName>
    <ClaimantMiddleInitial>A</ClaimantMiddleInitial>
    <ClaimantReportedLastDayofWork>2018-02-09</ClaimantReportedLastDayofWork>
    <WagesWeeksNeededCode>NA</WagesWeeksNeededCode>
    <ClaimantSepReasonCode>6</ClaimantSepReasonCode>
    <ClaimantSepReasonComments>HEALTH REASONS</ClaimantSepReasonComments>
    <RequestDate>2018-12-27</RequestDate>
    <ResponseDueDate>2019-01-07</ResponseDueDate>
    <FormNumber>DE 1101CZ</FormNumber>
  </EmployerTPASeparationRequest>
  <EmployerTPASeparationResponse xsi:type="StateSeparationResponseType">
    <StateRequestRecordGUID>0259afad-ab13-4cb1-8e68-e50458cba17e</StateRequestRecordGUID>
    <BrokerRecordTransactionNumber>27831962</BrokerRecordTransactionNumber>
    <RequestDate>0001-01-01</RequestDate>
    <ResponseDueDate>0001-01-01</ResponseDueDate>
    <SSN>558153907</SSN>
    <ClaimEffectiveDate>2018-12-23</ClaimEffectiveDate>
    <StateEmployerAccountNbr>0259952</StateEmployerAccountNbr>
    <EmployerName>ELWOOD STAFFING SERVICES,</EmployerName>
    <ClaimantLastName>BALAZS</ClaimantLastName>
    <ClaimantFirstName>JAMIE</ClaimantFirstName>
    <ClaimantMiddleInitial>A</ClaimantMiddleInitial>
    <ClaimantJobTitle>TEMPORARY WORKER</ClaimantJobTitle>
    <EmployerReportedClaimantFirstDayofWork>2017-11-06</EmployerReportedClaimantFirstDayofWork>
    <EmployerReportedClaimantLastDayofWork>2018-02-08</EmployerReportedClaimantLastDayofWork>
    <TotalWeeksWorked>0</TotalWeeksWorked>
    <NumberOfHoursWorkedAfterClaimEffectiveDate>0</NumberOfHoursWorkedAfterClaimEffectiveDate>
    <EmployerSepReasonCode>6</EmployerSepReasonCode>
    <AverageNumberofHoursWorkedperWeek>0</AverageNumberofHoursWorkedperWeek>
    <ClaimantPensionContributionPercent>0</ClaimantPensionContributionPercent>
    <VoluntarySepReasonCode>3</VoluntarySepReasonCode>
    <ClaimantActionsToAvoidQuitInd>Y</ClaimantActionsToAvoidQuitInd>
    <ActionTakenComments>on 2/13 EE informed me via email that she was officially on disability as of 02/09/18 due to a car accident.|  n/a</ActionTakenComments>
    <ContinuingWorkAvailableInd>Y</ContinuingWorkAvailableInd>
    <VoluntarySepReasonComments>The claimant voluntarily quit due to medical reasons.|  Did he/she provide medical documentation? yes|  Did he/she resign to attend to his/her personal health, or that of a family member (pregnancy, etc.)? disability|  Was a written resignation provided by the claimant? If yes, please provide a copy. Yes|  How much notice was given, if any?  To whom? She gave notice directly to the client, Baldwin and Sons, prior to her last day of 02/08.|  Was his/her job in jeopardy? No|  What was the client name and location of the most recent assignment? Baldwin &amp; Sons20 Corporate PlazaNewport Beach, CA 92660|  Was the most recent assignment completed? No|  Please explain why the most recent assignment was not completed. She went on disability|  Have there been any job refusals since the last assignment ended that have not been reported? No|  Please note the types of documents attached to the file. Note</VoluntarySepReasonComments>
    <PreparerTypeCode>T</PreparerTypeCode>
    <PreparerCompanyName>TALX UCM Services, Inc.</PreparerCompanyName>
    <PreparerTelephoneNumberPlusExt>80082915102836</PreparerTelephoneNumberPlusExt>
    <PreparerContactName>Donald Griffin</PreparerContactName>
    <PreparerTitle>Unemployment State Consultant</PreparerTitle>
    <BrokerRecordEffectiveDate>2019-01-02T14:07:22</BrokerRecordEffectiveDate>
  </EmployerTPASeparationResponse>
</EmployerTPASeparation>