<?xml version="1.0"?>
<EmployerTPASeparation xmlns:xsd="http://www.w3.org/2001/XMLSchema" xmlns:xsi="http://www.w3.org/2001/XMLSchema-instance" xmlns="https://uidataexchange.org/schemas">
  <EmployerTPASeparationRequest>
    <StateRequestRecordGUID>969fe053ddc64e84a619f5735658440e</StateRequestRecordGUID>
    <SSN>549635659</SSN>
    <ClaimEffectiveDate>2018-12-23</ClaimEffectiveDate>
    <StateEmployerAccountNbr>9101538</StateEmployerAccountNbr>
    <EmployerName>ALTEMED</EmployerName>
    <FEIN>954090420</FEIN>
    <TypeofEmployerCode>2</TypeofEmployerCode>
    <TypeofClaimCode>2</TypeofClaimCode>
    <BenefitYearBeginDate>2018-06-24</BenefitYearBeginDate>
    <RequestingStateAbbreviation>CA</RequestingStateAbbreviation>
    <UIOfficeName>CA EDD  #1210</UIOfficeName>
    <UIOfficePhone>8003005616</UIOfficePhone>
    <ClaimantLastName>GUTIERREZ CORTEZ</ClaimantLastName>
    <ClaimantFirstName>MARIBEL</ClaimantFirstName>
    <ClaimantReportedLastDayofWork>2018-12-26</ClaimantReportedLastDayofWork>
    <WagesWeeksNeededCode>NA</WagesWeeksNeededCode>
    <ClaimantSepReasonCode>2</ClaimantSepReasonCode>
    <ClaimantSepReasonComments>WORKING FULL TIME</ClaimantSepReasonComments>
    <RequestDate>2018-12-27</RequestDate>
    <ResponseDueDate>2019-01-07</ResponseDueDate>
    <FormNumber>DE 1101CZ</FormNumber>
  </EmployerTPASeparationRequest>
  <EmployerTPASeparationResponse xsi:type="StateSeparationResponseType">
    <StateRequestRecordGUID>969fe053-ddc6-4e84-a619-f5735658440e</StateRequestRecordGUID>
    <BrokerRecordTransactionNumber>27832510</BrokerRecordTransactionNumber>
    <RequestDate>0001-01-01</RequestDate>
    <ResponseDueDate>0001-01-01</ResponseDueDate>
    <SSN>549635659</SSN>
    <ClaimEffectiveDate>2018-12-23</ClaimEffectiveDate>
    <StateEmployerAccountNbr>9101538</StateEmployerAccountNbr>
    <EmployerName>ALTEMED</EmployerName>
    <CorrectedFEIN>952810095</CorrectedFEIN>
    <ClaimantLastName>GUTIERREZ CORTEZ</ClaimantLastName>
    <ClaimantFirstName>MARIBEL</ClaimantFirstName>
    <ClaimantJobTitle>Health Info Representativ</ClaimantJobTitle>
    <EmployerReportedClaimantFirstDayofWork>2018-11-15</EmployerReportedClaimantFirstDayofWork>
    <EmployerReportedClaimantLastDayofWork>2018-12-28</EmployerReportedClaimantLastDayofWork>
    <TotalWeeksWorked>0</TotalWeeksWorked>
    <NumberOfHoursWorkedAfterClaimEffectiveDate>0</NumberOfHoursWorkedAfterClaimEffectiveDate>
    <EmployerSepReasonCode>20</EmployerSepReasonCode>
    <AverageNumberofHoursWorkedperWeek>0</AverageNumberofHoursWorkedperWeek>
    <ClaimantPensionContributionPercent>0</ClaimantPensionContributionPercent>
    <EmployerSepReasonComments>The claimant is not an employee, however, is an independent contractor.  The claimant should not be eligible for benefits nor should this employer be potentially chargeable.|  Additional comments: She is an active, per-diem employee (non-employee, not on a payroll with Altamed), have no information of her compensation rate.</EmployerSepReasonComments>
    <PreparerTypeCode>T</PreparerTypeCode>
    <PreparerCompanyName>TALX UCM Services, Inc.</PreparerCompanyName>
    <PreparerTelephoneNumberPlusExt>80082915107893</PreparerTelephoneNumberPlusExt>
    <PreparerContactName>Aprildawn Duerbusch</PreparerContactName>
    <PreparerTitle>Unemployment Insurance Consult</PreparerTitle>
    <PreparerFaxNbr>8882521758</PreparerFaxNbr>
    <BrokerRecordEffectiveDate>2019-01-02T14:07:22</BrokerRecordEffectiveDate>
  </EmployerTPASeparationResponse>
</EmployerTPASeparation>