<?xml version="1.0"?>
<EmployerTPASeparation xmlns:xsd="http://www.w3.org/2001/XMLSchema" xmlns:xsi="http://www.w3.org/2001/XMLSchema-instance" xmlns="https://uidataexchange.org/schemas">
  <EmployerTPASeparationRequest>
    <StateRequestRecordGUID>a738323ded1d4fbab40da6f6362f48b3</StateRequestRecordGUID>
    <SSN>565251647</SSN>
    <ClaimEffectiveDate>2018-12-23</ClaimEffectiveDate>
    <StateEmployerAccountNbr>2477887</StateEmployerAccountNbr>
    <EmployerName>4 GRANITE, INC.</EmployerName>
    <FEIN>247788700</FEIN>
    <TypeofEmployerCode>2</TypeofEmployerCode>
    <TypeofClaimCode>1</TypeofClaimCode>
    <BenefitYearBeginDate>2018-12-23</BenefitYearBeginDate>
    <RequestingStateAbbreviation>CA</RequestingStateAbbreviation>
    <UIOfficeName>CA EDD  #0410</UIOfficeName>
    <UIOfficePhone>8003005616</UIOfficePhone>
    <ClaimantLastName>OTERO JR</ClaimantLastName>
    <ClaimantFirstName>DAVID</ClaimantFirstName>
    <ClaimantMiddleInitial>U</ClaimantMiddleInitial>
    <ClaimantReportedLastDayofWork>2018-12-16</ClaimantReportedLastDayofWork>
    <WagesWeeksNeededCode>NA</WagesWeeksNeededCode>
    <ClaimantSepReasonCode>2</ClaimantSepReasonCode>
    <ClaimantSepReasonComments>ASSIGNMENT COMPLETED</ClaimantSepReasonComments>
    <RequestDate>2018-12-28</RequestDate>
    <ResponseDueDate>2019-01-07</ResponseDueDate>
    <FormNumber>DE 1101CZ</FormNumber>
    <PIN>X9D4qtPp</PIN>
  </EmployerTPASeparationRequest>
  <EmployerTPASeparationResponse xsi:type="StateSeparationResponseType">
    <StateRequestRecordGUID>a738323d-ed1d-4fba-b40d-a6f6362f48b3</StateRequestRecordGUID>
    <BrokerRecordTransactionNumber>27858900</BrokerRecordTransactionNumber>
    <RequestDate>0001-01-01</RequestDate>
    <ResponseDueDate>0001-01-01</ResponseDueDate>
    <SSN>565251647</SSN>
    <ClaimEffectiveDate>2018-12-23</ClaimEffectiveDate>
    <StateEmployerAccountNbr>2477887</StateEmployerAccountNbr>
    <EmployerName>4 GRANITE, INC.</EmployerName>
    <ClaimantLastName>OTERO JR</ClaimantLastName>
    <ClaimantFirstName>DAVID</ClaimantFirstName>
    <ClaimantMiddleInitial>U</ClaimantMiddleInitial>
    <ClaimantJobTitle>Laborer</ClaimantJobTitle>
    <EmployerReportedClaimantFirstDayofWork>2018-09-17</EmployerReportedClaimantFirstDayofWork>
    <EmployerReportedClaimantLastDayofWork>2018-12-12</EmployerReportedClaimantLastDayofWork>
    <TotalWeeksWorked>0</TotalWeeksWorked>
    <WagesEarnedAfterClaimEffectiveDate>0.00</WagesEarnedAfterClaimEffectiveDate>
    <NumberOfHoursWorkedAfterClaimEffectiveDate>0</NumberOfHoursWorkedAfterClaimEffectiveDate>
    <AverageWeeklyWage>989.30</AverageWeeklyWage>
    <EmployerSepReasonCode>10</EmployerSepReasonCode>
    <AverageNumberofHoursWorkedperWeek>19</AverageNumberofHoursWorkedperWeek>
    <ClaimantPensionContributionPercent>0</ClaimantPensionContributionPercent>
    <EmployerSepReasonComments>David was hired to work on one specific project for 4Granite, Inc. and this project was on hold for the holidays and should resume work in January.</EmployerSepReasonComments>
    <PreparerTypeCode>E</PreparerTypeCode>
    <PreparerTelephoneNumberPlusExt>7604033376</PreparerTelephoneNumberPlusExt>
    <PreparerContactName>Calette Hirsch</PreparerContactName>
    <PreparerTitle>Office Manager</PreparerTitle>
    <PreparerFaxNbr>7606848409</PreparerFaxNbr>
    <PreparerEmailAddress>calette@4graniteinc.com</PreparerEmailAddress>
    <BrokerRecordEffectiveDate>2019-01-02T14:03:14</BrokerRecordEffectiveDate>
  </EmployerTPASeparationResponse>
</EmployerTPASeparation>