<?xml version="1.0"?>
<EmployerTPASeparation xmlns:xsd="http://www.w3.org/2001/XMLSchema" xmlns:xsi="http://www.w3.org/2001/XMLSchema-instance" xmlns="https://uidataexchange.org/schemas">
  <EmployerTPASeparationRequest>
    <StateRequestRecordGUID>b12e3d4f02894a208023a48f2cfa0e30</StateRequestRecordGUID>
    <SSN>078060740</SSN>
    <ClaimEffectiveDate>2018-12-23</ClaimEffectiveDate>
    <StateEmployerAccountNbr>4084023</StateEmployerAccountNbr>
    <EmployerName>MIKE COUNSIL PLUMBING, IN</EmployerName>
    <FEIN>408402300</FEIN>
    <TypeofEmployerCode>2</TypeofEmployerCode>
    <TypeofClaimCode>1</TypeofClaimCode>
    <BenefitYearBeginDate>2018-12-23</BenefitYearBeginDate>
    <RequestingStateAbbreviation>CA</RequestingStateAbbreviation>
    <UIOfficeName>CA EDD  #0410</UIOfficeName>
    <UIOfficePhone>8003005616</UIOfficePhone>
    <ClaimantLastName>TEJEDA RAMIREZ</ClaimantLastName>
    <ClaimantFirstName>CHRISTIAN</ClaimantFirstName>
    <ClaimantMiddleInitial>C</ClaimantMiddleInitial>
    <ClaimantReportedLastDayofWork>2018-12-21</ClaimantReportedLastDayofWork>
    <WagesWeeksNeededCode>NA</WagesWeeksNeededCode>
    <ClaimantSepReasonCode>3</ClaimantSepReasonCode>
    <ClaimantSepReasonComments>WORK PERFORMANCE/QUALIFICATIONS</ClaimantSepReasonComments>
    <RequestDate>2018-12-31</RequestDate>
    <ResponseDueDate>2019-01-10</ResponseDueDate>
    <FormNumber>DE 1101CZ</FormNumber>
    <PIN>3cjLf9jl</PIN>
  </EmployerTPASeparationRequest>
  <EmployerTPASeparationResponse xsi:type="StateSeparationResponseType">
    <StateRequestRecordGUID>b12e3d4f-0289-4a20-8023-a48f2cfa0e30</StateRequestRecordGUID>
    <BrokerRecordTransactionNumber>27894064</BrokerRecordTransactionNumber>
    <RequestDate>0001-01-01</RequestDate>
    <ResponseDueDate>0001-01-01</ResponseDueDate>
    <SSN>078060740</SSN>
    <ClaimEffectiveDate>2018-12-23</ClaimEffectiveDate>
    <StateEmployerAccountNbr>4084023</StateEmployerAccountNbr>
    <EmployerName>MIKE COUNSIL PLUMBING, IN</EmployerName>
    <CorrectedFEIN>770547651</CorrectedFEIN>
    <ClaimantLastName>TEJEDA RAMIREZ</ClaimantLastName>
    <ClaimantFirstName>CHRISTIAN</ClaimantFirstName>
    <ClaimantMiddleInitial>C</ClaimantMiddleInitial>
    <ClaimantJobTitle>Apprentice Plumber</ClaimantJobTitle>
    <SeasonalEmploymentInd>N</SeasonalEmploymentInd>
    <EmployerReportedClaimantFirstDayofWork>2018-03-19</EmployerReportedClaimantFirstDayofWork>
    <EmployerReportedClaimantLastDayofWork>2018-12-21</EmployerReportedClaimantLastDayofWork>
    <TotalWeeksWorked>0</TotalWeeksWorked>
    <WagesEarnedAfterClaimEffectiveDate>0.00</WagesEarnedAfterClaimEffectiveDate>
    <NumberOfHoursWorkedAfterClaimEffectiveDate>0</NumberOfHoursWorkedAfterClaimEffectiveDate>
    <EmployerSepReasonCode>2</EmployerSepReasonCode>
    <ReturnToWorkInd>N</ReturnToWorkInd>
    <AverageNumberofHoursWorkedperWeek>0</AverageNumberofHoursWorkedperWeek>
    <ClaimantPensionContributionPercent>0</ClaimantPensionContributionPercent>
    <PreparerTypeCode>E</PreparerTypeCode>
    <PreparerTelephoneNumberPlusExt>6692849310</PreparerTelephoneNumberPlusExt>
    <PreparerContactName>Lynn Jones</PreparerContactName>
    <PreparerTitle>Accounting Manager</PreparerTitle>
    <PreparerFaxNbr>4084335758</PreparerFaxNbr>
    <PreparerEmailAddress>lynn@mcplumbing.com</PreparerEmailAddress>
    <BrokerRecordEffectiveDate>2019-01-02T14:10:26</BrokerRecordEffectiveDate>
  </EmployerTPASeparationResponse>
</EmployerTPASeparation>