<?xml version="1.0"?>
<EmployerTPASeparation xmlns:xsd="http://www.w3.org/2001/XMLSchema" xmlns:xsi="http://www.w3.org/2001/XMLSchema-instance" xmlns="https://uidataexchange.org/schemas">
  <EmployerTPASeparationRequest>
    <StateRequestRecordGUID>e76818b1b9e04dfc9081007bd2e21921</StateRequestRecordGUID>
    <SSN>622487272</SSN>
    <ClaimEffectiveDate>2019-01-06</ClaimEffectiveDate>
    <StateEmployerAccountNbr>2712759</StateEmployerAccountNbr>
    <EmployerName>WC LOGISTICS, INC.</EmployerName>
    <FEIN>271275900</FEIN>
    <TypeofEmployerCode>2</TypeofEmployerCode>
    <TypeofClaimCode>1</TypeofClaimCode>
    <BenefitYearBeginDate>2019-01-06</BenefitYearBeginDate>
    <RequestingStateAbbreviation>CA</RequestingStateAbbreviation>
    <UIOfficeName>CA EDD  #1450</UIOfficeName>
    <UIOfficePhone>8003005616</UIOfficePhone>
    <ClaimantLastName>GALLARDO</ClaimantLastName>
    <ClaimantFirstName>JUAN</ClaimantFirstName>
    <ClaimantReportedLastDayofWork>2018-12-21</ClaimantReportedLastDayofWork>
    <WagesWeeksNeededCode>NA</WagesWeeksNeededCode>
    <ClaimantSepReasonCode>2</ClaimantSepReasonCode>
    <ClaimantSepReasonComments>DUE TO WEATHER CONDITIONS WORK IS SLOW.</ClaimantSepReasonComments>
    <RequestDate>2018-12-31</RequestDate>
    <ResponseDueDate>2019-01-10</ResponseDueDate>
    <FormNumber>DE 1101CZ</FormNumber>
    <PIN>twfnj9oQ</PIN>
  </EmployerTPASeparationRequest>
  <EmployerTPASeparationResponse xsi:type="StateSeparationResponseType">
    <StateRequestRecordGUID>e76818b1-b9e0-4dfc-9081-007bd2e21921</StateRequestRecordGUID>
    <BrokerRecordTransactionNumber>27894152</BrokerRecordTransactionNumber>
    <RequestDate>0001-01-01</RequestDate>
    <ResponseDueDate>0001-01-01</ResponseDueDate>
    <SSN>622487272</SSN>
    <ClaimEffectiveDate>2019-01-06</ClaimEffectiveDate>
    <StateEmployerAccountNbr>2712759</StateEmployerAccountNbr>
    <EmployerName>WC LOGISTICS, INC.</EmployerName>
    <ClaimantLastName>GALLARDO</ClaimantLastName>
    <ClaimantFirstName>JUAN</ClaimantFirstName>
    <ClaimantJobTitle>Driver</ClaimantJobTitle>
    <SeasonalEmploymentInd>N</SeasonalEmploymentInd>
    <EmployerReportedClaimantFirstDayofWork>2015-08-07</EmployerReportedClaimantFirstDayofWork>
    <EmployerReportedClaimantLastDayofWork>2018-12-27</EmployerReportedClaimantLastDayofWork>
    <TotalWeeksWorked>0</TotalWeeksWorked>
    <WagesEarnedAfterClaimEffectiveDate>0.00</WagesEarnedAfterClaimEffectiveDate>
    <NumberOfHoursWorkedAfterClaimEffectiveDate>0</NumberOfHoursWorkedAfterClaimEffectiveDate>
    <EmployerSepReasonCode>2</EmployerSepReasonCode>
    <ReturnToWorkInd>Y</ReturnToWorkInd>
    <ReturnToWorkDate>2019-01-07</ReturnToWorkDate>
    <AverageNumberofHoursWorkedperWeek>0</AverageNumberofHoursWorkedperWeek>
    <ClaimantPensionContributionPercent>0</ClaimantPensionContributionPercent>
    <EmployerSepReasonComments>CLAIMANT CURRENTLY EMPLOYED. SLOW SEASON, LACK OF WORK. SEE ATTACHED TIME CARD.</EmployerSepReasonComments>
    <PreparerTypeCode>E</PreparerTypeCode>
    <PreparerTelephoneNumberPlusExt>7144434044192</PreparerTelephoneNumberPlusExt>
    <PreparerContactName>Hayley Beetstra</PreparerContactName>
    <PreparerTitle>HR Assistant</PreparerTitle>
    <PreparerFaxNbr>7144418406</PreparerFaxNbr>
    <PreparerEmailAddress>hbeetstra@wcsg.com</PreparerEmailAddress>
    <BrokerRecordEffectiveDate>2019-01-02T13:52:39</BrokerRecordEffectiveDate>
  </EmployerTPASeparationResponse>
</EmployerTPASeparation>