<?xml version="1.0"?>
<EmployerTPASeparation xmlns:xsd="http://www.w3.org/2001/XMLSchema" xmlns:xsi="http://www.w3.org/2001/XMLSchema-instance" xmlns="https://uidataexchange.org/schemas">
  <EmployerTPASeparationRequest>
    <StateRequestRecordGUID>f1a354e1f9fc4f40bf48960f46e3bb97</StateRequestRecordGUID>
    <SSN>563179098</SSN>
    <ClaimEffectiveDate>2018-12-23</ClaimEffectiveDate>
    <StateEmployerAccountNbr>9320081</StateEmployerAccountNbr>
    <EmployerName>CITY &amp; COUNTY OF SAN FRAN</EmployerName>
    <FEIN>943248335</FEIN>
    <TypeofEmployerCode>2</TypeofEmployerCode>
    <TypeofClaimCode>1</TypeofClaimCode>
    <BenefitYearBeginDate>2018-12-23</BenefitYearBeginDate>
    <RequestingStateAbbreviation>CA</RequestingStateAbbreviation>
    <UIOfficeName>CA EDD  #8530</UIOfficeName>
    <UIOfficePhone>8003005616</UIOfficePhone>
    <ClaimantLastName>WATKINS</ClaimantLastName>
    <ClaimantFirstName>RANDAL</ClaimantFirstName>
    <ClaimantMiddleInitial>L</ClaimantMiddleInitial>
    <ClaimantReportedLastDayofWork>2018-12-12</ClaimantReportedLastDayofWork>
    <WagesWeeksNeededCode>NA</WagesWeeksNeededCode>
    <ClaimantSepReasonCode>16</ClaimantSepReasonCode>
    <ClaimantSepReasonComments>LOCKOUT</ClaimantSepReasonComments>
    <RequestDate>2018-12-24</RequestDate>
    <ResponseDueDate>2019-01-03</ResponseDueDate>
    <FormNumber>DE 1101CZ</FormNumber>
  </EmployerTPASeparationRequest>
  <EmployerTPASeparationResponse xsi:type="StateSeparationResponseType">
    <StateRequestRecordGUID>f1a354e1-f9fc-4f40-bf48-960f46e3bb97</StateRequestRecordGUID>
    <BrokerRecordTransactionNumber>27770485</BrokerRecordTransactionNumber>
    <RequestDate>0001-01-01</RequestDate>
    <ResponseDueDate>0001-01-01</ResponseDueDate>
    <SSN>563179098</SSN>
    <ClaimEffectiveDate>2018-12-23</ClaimEffectiveDate>
    <StateEmployerAccountNbr>9320081</StateEmployerAccountNbr>
    <EmployerName>CITY &amp; COUNTY OF SAN FRAN</EmployerName>
    <CorrectedFEIN>946000417</CorrectedFEIN>
    <ClaimantLastName>WATKINS</ClaimantLastName>
    <ClaimantFirstName>RANDAL</ClaimantFirstName>
    <ClaimantMiddleInitial>L</ClaimantMiddleInitial>
    <ClaimantJobTitle>TRANSIT OPERATOR $32.71</ClaimantJobTitle>
    <EmployerReportedClaimantFirstDayofWork>2014-11-04</EmployerReportedClaimantFirstDayofWork>
    <EmployerReportedClaimantLastDayofWork>2018-12-26</EmployerReportedClaimantLastDayofWork>
    <TotalWeeksWorked>0</TotalWeeksWorked>
    <NumberOfHoursWorkedAfterClaimEffectiveDate>0</NumberOfHoursWorkedAfterClaimEffectiveDate>
    <EmployerSepReasonCode>15</EmployerSepReasonCode>
    <ReturnToWorkInd>N</ReturnToWorkInd>
    <AverageNumberofHoursWorkedperWeek>0</AverageNumberofHoursWorkedperWeek>
    <ContributoryorNotContributoryClaimantInd>N</ContributoryorNotContributoryClaimantInd>
    <ClaimantPensionContributionPercent>0</ClaimantPensionContributionPercent>
    <EmployerSepReasonComments>The claimant is currently on a disciplinary leave as a result of a warning or suspension.|  Additional comments: | | Q: First Day Worked?| A: 11/04/2014| | Q: Please provide the last date the claimant reported to work for your company.| A: 12/26/2018| | Q: Does he/she work a regular schedule, and what is his/her regular schedule?  (Forty hours per week Monday through Friday, works seven days then has seven days off, etc.)| A: Yes. However, Employee has been on a Leave: No License absence for failure to cure a CDL suspension necessary to operator SFMTA revenue service equipment. But for the Claimant's failure to maintain minimum qualifications, they would be operating with SFMTA.| | Q: Does he/she place restrictions upon the hours he/she is willing to work, and were these restrictions agreed to at hire?| A:No; Claimant is available for Full-time work immediately after clearing their suspended Driver License.| | Q: Have his/her hours been reduced?| A: No.| | Q: Does he/she accept all available hours offered?| A: Yes| | Q: What are the average hours he/she works each week?| A: 45| | Q: What does your company consider full time work?  (number of hours, etc.)| A: 40 or more hours of work in a weekly period.| | Q: Are you aware of any change(s) recently that may have caused him/her to file for unemployment benefits?  (Layoff with another employer, sick time, etc.)| A: Yes. Claimant received a California Dept. of Motor Vehicles "pull notice" notifying of a Suspended Drive License effective December 13, 2018. Operator has since failed to maintain this minimum qualification/condition of employment and is thus on a "Leave, No License" absence.</EmployerSepReasonComments>
    <PreparerTypeCode>T</PreparerTypeCode>
    <PreparerCompanyName>TALX UCM Services, Inc.</PreparerCompanyName>
    <PreparerTelephoneNumberPlusExt>80082915107893</PreparerTelephoneNumberPlusExt>
    <PreparerContactName>Aprildawn Duerbusch</PreparerContactName>
    <PreparerTitle>Unemployment Insurance Consult</PreparerTitle>
    <PreparerFaxNbr>8882521758</PreparerFaxNbr>
    <BrokerRecordEffectiveDate>2019-01-02T14:07:34</BrokerRecordEffectiveDate>
  </EmployerTPASeparationResponse>
</EmployerTPASeparation>