<?xml version="1.0"?>
<EmployerTPASeparation xmlns:xsd="http://www.w3.org/2001/XMLSchema" xmlns:xsi="http://www.w3.org/2001/XMLSchema-instance" xmlns="https://uidataexchange.org/schemas">
  <EmployerTPASeparationRequest>
    <StateRequestRecordGUID>b11b1cba8d414f77a3d8c2975d2d1697</StateRequestRecordGUID>
    <SSN>554372951</SSN>
    <ClaimEffectiveDate>2018-12-30</ClaimEffectiveDate>
    <StateEmployerAccountNbr>3129737</StateEmployerAccountNbr>
    <EmployerName>SIERRA COMMUNITCATION</EmployerName>
    <FEIN>312973700</FEIN>
    <TypeofEmployerCode>2</TypeofEmployerCode>
    <TypeofClaimCode>1</TypeofClaimCode>
    <BenefitYearBeginDate>2018-12-30</BenefitYearBeginDate>
    <RequestingStateAbbreviation>CA</RequestingStateAbbreviation>
    <UIOfficeName>CA EDD  #0490</UIOfficeName>
    <UIOfficePhone>8003005616</UIOfficePhone>
    <ClaimantLastName>HAMPTON</ClaimantLastName>
    <ClaimantFirstName>JAMES</ClaimantFirstName>
    <ClaimantMiddleInitial>M</ClaimantMiddleInitial>
    <ClaimantReportedLastDayofWork>2018-12-12</ClaimantReportedLastDayofWork>
    <WagesWeeksNeededCode>NA</WagesWeeksNeededCode>
    <ClaimantSepReasonCode>2</ClaimantSepReasonCode>
    <ClaimantSepReasonComments>LAID OFF, WAITING FOR JOB TO BEGIN</ClaimantSepReasonComments>
    <RequestDate>2018-12-31</RequestDate>
    <ResponseDueDate>2019-01-10</ResponseDueDate>
    <FormNumber>DE 1101CZ</FormNumber>
    <PIN>quq5KOTy</PIN>
  </EmployerTPASeparationRequest>
  <EmployerTPASeparationResponse xsi:type="StateSeparationResponseType">
    <StateRequestRecordGUID>b11b1cba-8d41-4f77-a3d8-c2975d2d1697</StateRequestRecordGUID>
    <BrokerRecordTransactionNumber>27894095</BrokerRecordTransactionNumber>
    <RequestDate>0001-01-01</RequestDate>
    <ResponseDueDate>0001-01-01</ResponseDueDate>
    <SSN>554372951</SSN>
    <ClaimEffectiveDate>2018-12-30</ClaimEffectiveDate>
    <StateEmployerAccountNbr>3129737</StateEmployerAccountNbr>
    <EmployerName>SIERRA COMMUNITCATION</EmployerName>
    <ClaimantLastName>HAMPTON</ClaimantLastName>
    <ClaimantFirstName>JAMES</ClaimantFirstName>
    <ClaimantMiddleInitial>M</ClaimantMiddleInitial>
    <ClaimantJobTitle>Laborer</ClaimantJobTitle>
    <SeasonalEmploymentInd>N</SeasonalEmploymentInd>
    <EmployerReportedClaimantFirstDayofWork>2014-01-01</EmployerReportedClaimantFirstDayofWork>
    <EmployerReportedClaimantLastDayofWork>2018-12-12</EmployerReportedClaimantLastDayofWork>
    <TotalWeeksWorked>0</TotalWeeksWorked>
    <WagesEarnedAfterClaimEffectiveDate>0.00</WagesEarnedAfterClaimEffectiveDate>
    <NumberOfHoursWorkedAfterClaimEffectiveDate>0</NumberOfHoursWorkedAfterClaimEffectiveDate>
    <AverageWeeklyWage>865.00</AverageWeeklyWage>
    <EmployerSepReasonCode>1</EmployerSepReasonCode>
    <ReturnToWorkInd>Y</ReturnToWorkInd>
    <ReturnToWorkDate>2019-01-21</ReturnToWorkDate>
    <AverageNumberofHoursWorkedperWeek>24</AverageNumberofHoursWorkedperWeek>
    <ClaimantPensionContributionPercent>0</ClaimantPensionContributionPercent>
    <EmployerSepReasonComments>Laid off due to no work at this time.</EmployerSepReasonComments>
    <PreparerTypeCode>E</PreparerTypeCode>
    <PreparerTelephoneNumberPlusExt>2097424948</PreparerTelephoneNumberPlusExt>
    <PreparerContactName>Cindy Wilkinson</PreparerContactName>
    <PreparerTitle>Accounting Specialist</PreparerTitle>
    <PreparerEmailAddress>cindy@sierracci.com</PreparerEmailAddress>
    <BrokerRecordEffectiveDate>2019-01-02T14:19:42</BrokerRecordEffectiveDate>
  </EmployerTPASeparationResponse>
</EmployerTPASeparation>