<?xml version="1.0"?>
<EmployerTPASeparation xmlns:xsd="http://www.w3.org/2001/XMLSchema" xmlns:xsi="http://www.w3.org/2001/XMLSchema-instance" xmlns="https://uidataexchange.org/schemas">
  <EmployerTPASeparationRequest>
    <StateRequestRecordGUID>80353937531940fab6b01f07b9c0e039</StateRequestRecordGUID>
    <SSN>556856293</SSN>
    <ClaimEffectiveDate>2018-12-23</ClaimEffectiveDate>
    <StateEmployerAccountNbr>9320081</StateEmployerAccountNbr>
    <EmployerName>CITY &amp; COUNTY OF SAN FRAN</EmployerName>
    <FEIN>943248335</FEIN>
    <TypeofEmployerCode>2</TypeofEmployerCode>
    <TypeofClaimCode>1</TypeofClaimCode>
    <BenefitYearBeginDate>2018-12-23</BenefitYearBeginDate>
    <RequestingStateAbbreviation>CA</RequestingStateAbbreviation>
    <UIOfficeName>CA EDD  #1860</UIOfficeName>
    <UIOfficePhone>8003005616</UIOfficePhone>
    <ClaimantLastName>BROWN</ClaimantLastName>
    <ClaimantFirstName>KEVIN</ClaimantFirstName>
    <ClaimantMiddleInitial>T</ClaimantMiddleInitial>
    <ClaimantReportedLastDayofWork>2018-10-30</ClaimantReportedLastDayofWork>
    <WagesWeeksNeededCode>NA</WagesWeeksNeededCode>
    <ClaimantSepReasonCode>2</ClaimantSepReasonCode>
    <ClaimantSepReasonComments>ASSIGNMENT COMPLETED</ClaimantSepReasonComments>
    <RequestDate>2018-12-27</RequestDate>
    <ResponseDueDate>2019-01-07</ResponseDueDate>
    <FormNumber>DE 1101CZ</FormNumber>
  </EmployerTPASeparationRequest>
  <EmployerTPASeparationResponse xsi:type="StateSeparationResponseType">
    <StateRequestRecordGUID>80353937-5319-40fa-b6b0-1f07b9c0e039</StateRequestRecordGUID>
    <BrokerRecordTransactionNumber>27832541</BrokerRecordTransactionNumber>
    <RequestDate>0001-01-01</RequestDate>
    <ResponseDueDate>0001-01-01</ResponseDueDate>
    <SSN>556856293</SSN>
    <ClaimEffectiveDate>2018-12-23</ClaimEffectiveDate>
    <StateEmployerAccountNbr>9320081</StateEmployerAccountNbr>
    <EmployerName>CITY &amp; COUNTY OF SAN FRAN</EmployerName>
    <CorrectedFEIN>946000417</CorrectedFEIN>
    <ClaimantLastName>BROWN</ClaimantLastName>
    <ClaimantFirstName>KEVIN</ClaimantFirstName>
    <ClaimantMiddleInitial>T</ClaimantMiddleInitial>
    <ClaimantJobTitle>PUBLICSERVICETRAIN $15.58</ClaimantJobTitle>
    <EmployerReportedClaimantFirstDayofWork>2017-10-30</EmployerReportedClaimantFirstDayofWork>
    <EmployerReportedClaimantLastDayofWork>2018-10-29</EmployerReportedClaimantLastDayofWork>
    <EffectiveSeparationDate>2018-10-30</EffectiveSeparationDate>
    <TotalWeeksWorked>0</TotalWeeksWorked>
    <NumberOfHoursWorkedAfterClaimEffectiveDate>0</NumberOfHoursWorkedAfterClaimEffectiveDate>
    <EmployerSepReasonCode>2</EmployerSepReasonCode>
    <AverageNumberofHoursWorkedperWeek>0</AverageNumberofHoursWorkedperWeek>
    <ContributoryorNotContributoryClaimantInd>N</ContributoryorNotContributoryClaimantInd>
    <ClaimantPensionContributionPercent>0</ClaimantPensionContributionPercent>
    <EmployerSepReasonComments>Additional comments: N/A|  Please note the types of documents attached to the file. Employer Letter, Separation Report, Notice</EmployerSepReasonComments>
    <PreparerTypeCode>T</PreparerTypeCode>
    <PreparerCompanyName>TALX UCM Services, Inc.</PreparerCompanyName>
    <PreparerTelephoneNumberPlusExt>80082915107893</PreparerTelephoneNumberPlusExt>
    <PreparerContactName>Aprildawn Duerbusch</PreparerContactName>
    <PreparerTitle>Unemployment Insurance Consult</PreparerTitle>
    <PreparerFaxNbr>8882521758</PreparerFaxNbr>
    <BrokerRecordEffectiveDate>2019-01-02T14:07:22</BrokerRecordEffectiveDate>
  </EmployerTPASeparationResponse>
</EmployerTPASeparation>