<?xml version="1.0"?>
<EmployerTPASeparation xmlns:xsd="http://www.w3.org/2001/XMLSchema" xmlns:xsi="http://www.w3.org/2001/XMLSchema-instance" xmlns="https://uidataexchange.org/schemas">
  <EmployerTPASeparationRequest>
    <StateRequestRecordGUID>4ffa95398a34449298ee35bc776d23ef</StateRequestRecordGUID>
    <SSN>065349357</SSN>
    <ClaimEffectiveDate>2018-12-23</ClaimEffectiveDate>
    <StateEmployerAccountNbr>0278909</StateEmployerAccountNbr>
    <EmployerName>CONSTRUCTION TESTING AND</EmployerName>
    <FEIN>027890900</FEIN>
    <TypeofEmployerCode>2</TypeofEmployerCode>
    <TypeofClaimCode>1</TypeofClaimCode>
    <BenefitYearBeginDate>2018-12-23</BenefitYearBeginDate>
    <RequestingStateAbbreviation>CA</RequestingStateAbbreviation>
    <UIOfficeName>CA EDD  #1210</UIOfficeName>
    <UIOfficePhone>8003005616</UIOfficePhone>
    <ClaimantLastName>CRAFT</ClaimantLastName>
    <ClaimantFirstName>CLIFFORD</ClaimantFirstName>
    <ClaimantMiddleInitial>A</ClaimantMiddleInitial>
    <ClaimantReportedLastDayofWork>2018-12-20</ClaimantReportedLastDayofWork>
    <WagesWeeksNeededCode>NA</WagesWeeksNeededCode>
    <ClaimantSepReasonCode>2</ClaimantSepReasonCode>
    <ClaimantSepReasonComments>NO WORK AVAILABLE/NOT ENOUGH WORK</ClaimantSepReasonComments>
    <RequestDate>2018-12-27</RequestDate>
    <ResponseDueDate>2019-01-07</ResponseDueDate>
    <FormNumber>DE 1101CZ</FormNumber>
    <PIN>7c1e1pg7</PIN>
  </EmployerTPASeparationRequest>
  <EmployerTPASeparationResponse xsi:type="StateSeparationResponseType">
    <StateRequestRecordGUID>4ffa9539-8a34-4492-98ee-35bc776d23ef</StateRequestRecordGUID>
    <BrokerRecordTransactionNumber>27831763</BrokerRecordTransactionNumber>
    <RequestDate>0001-01-01</RequestDate>
    <ResponseDueDate>0001-01-01</ResponseDueDate>
    <SSN>065349357</SSN>
    <ClaimEffectiveDate>2018-12-23</ClaimEffectiveDate>
    <StateEmployerAccountNbr>0278909</StateEmployerAccountNbr>
    <EmployerName>CONSTRUCTION TESTING AND</EmployerName>
    <ClaimantLastName>CRAFT</ClaimantLastName>
    <ClaimantFirstName>CLIFFORD</ClaimantFirstName>
    <ClaimantMiddleInitial>A</ClaimantMiddleInitial>
    <SeasonalEmploymentInd>N</SeasonalEmploymentInd>
    <EmployerReportedClaimantLastDayofWork>2018-12-20</EmployerReportedClaimantLastDayofWork>
    <TotalWeeksWorked>0</TotalWeeksWorked>
    <WagesEarnedAfterClaimEffectiveDate>0.00</WagesEarnedAfterClaimEffectiveDate>
    <NumberOfHoursWorkedAfterClaimEffectiveDate>0</NumberOfHoursWorkedAfterClaimEffectiveDate>
    <AverageWeeklyWage>1461.54</AverageWeeklyWage>
    <EmployerSepReasonCode>2</EmployerSepReasonCode>
    <ReturnToWorkInd>N</ReturnToWorkInd>
    <Remuneration>
      <RemunerationTypeCode>3</RemunerationTypeCode>
      <RemunerationAmountPerPeriod>2582.00</RemunerationAmountPerPeriod>
      <RemunerationPeriodFrequencyCode>L</RemunerationPeriodFrequencyCode>
      <DateRemunerationIssued>2018-12-20</DateRemunerationIssued>
      <EmployerAllocationInd>N</EmployerAllocationInd>
    </Remuneration>
    <AverageNumberofHoursWorkedperWeek>32</AverageNumberofHoursWorkedperWeek>
    <ClaimantPensionContributionPercent>0</ClaimantPensionContributionPercent>
    <PreparerTypeCode>E</PreparerTypeCode>
    <PreparerTelephoneNumberPlusExt>7607464955</PreparerTelephoneNumberPlusExt>
    <PreparerContactName>Rebecca Simonis</PreparerContactName>
    <PreparerTitle>HR Manager</PreparerTitle>
    <PreparerEmailAddress>rebecca@ctesouth.com</PreparerEmailAddress>
    <BrokerRecordEffectiveDate>2019-01-02T13:21:21</BrokerRecordEffectiveDate>
  </EmployerTPASeparationResponse>
</EmployerTPASeparation>