<?xml version="1.0"?>
<EmployerTPASeparation xmlns:xsd="http://www.w3.org/2001/XMLSchema" xmlns:xsi="http://www.w3.org/2001/XMLSchema-instance" xmlns="https://uidataexchange.org/schemas">
  <EmployerTPASeparationRequest>
    <StateRequestRecordGUID>8b9f9806744f4f50b08af377bdf1d0c1</StateRequestRecordGUID>
    <SSN>553498161</SSN>
    <ClaimEffectiveDate>2018-12-23</ClaimEffectiveDate>
    <StateEmployerAccountNbr>9440164</StateEmployerAccountNbr>
    <EmployerName>SANTA CLARA COUNTY</EmployerName>
    <FEIN>999999999</FEIN>
    <TypeofEmployerCode>2</TypeofEmployerCode>
    <TypeofClaimCode>1</TypeofClaimCode>
    <BenefitYearBeginDate>2018-12-23</BenefitYearBeginDate>
    <RequestingStateAbbreviation>CA</RequestingStateAbbreviation>
    <UIOfficeName>CA EDD  #9010</UIOfficeName>
    <UIOfficePhone>8003005616</UIOfficePhone>
    <ClaimantLastName>MORGAN</ClaimantLastName>
    <ClaimantFirstName>EDWIN</ClaimantFirstName>
    <ClaimantMiddleInitial>P</ClaimantMiddleInitial>
    <ClaimantReportedLastDayofWork>2018-11-22</ClaimantReportedLastDayofWork>
    <WagesWeeksNeededCode>NA</WagesWeeksNeededCode>
    <ClaimantSepReasonCode>2</ClaimantSepReasonCode>
    <ClaimantSepReasonComments>WORK IS SLOW.</ClaimantSepReasonComments>
    <RequestDate>2018-12-26</RequestDate>
    <ResponseDueDate>2019-01-07</ResponseDueDate>
    <FormNumber>DE 1101CZ</FormNumber>
  </EmployerTPASeparationRequest>
  <EmployerTPASeparationResponse xsi:type="StateSeparationResponseType">
    <StateRequestRecordGUID>8b9f9806-744f-4f50-b08a-f377bdf1d0c1</StateRequestRecordGUID>
    <BrokerRecordTransactionNumber>27801736</BrokerRecordTransactionNumber>
    <RequestDate>0001-01-01</RequestDate>
    <ResponseDueDate>0001-01-01</ResponseDueDate>
    <SSN>553498161</SSN>
    <ClaimEffectiveDate>2018-12-23</ClaimEffectiveDate>
    <StateEmployerAccountNbr>9440164</StateEmployerAccountNbr>
    <EmployerName>SANTA CLARA COUNTY</EmployerName>
    <ClaimantLastName>MORGAN</ClaimantLastName>
    <ClaimantFirstName>EDWIN</ClaimantFirstName>
    <ClaimantMiddleInitial>P</ClaimantMiddleInitial>
    <SeasonalEmploymentInd>N</SeasonalEmploymentInd>
    <EmployerReportedClaimantFirstDayofWork>2015-12-21</EmployerReportedClaimantFirstDayofWork>
    <EmployerReportedClaimantLastDayofWork>2019-01-02</EmployerReportedClaimantLastDayofWork>
    <TotalWeeksWorked>0</TotalWeeksWorked>
    <NumberOfHoursWorkedAfterClaimEffectiveDate>0</NumberOfHoursWorkedAfterClaimEffectiveDate>
    <EmployerSepReasonCode>9</EmployerSepReasonCode>
    <ReturnToWorkInd>N</ReturnToWorkInd>
    <WorkingAllAvailableHoursInd>Y</WorkingAllAvailableHoursInd>
    <AverageNumberofHoursWorkedperWeek>0</AverageNumberofHoursWorkedperWeek>
    <MandatoryRetirementInd>N</MandatoryRetirementInd>
    <ClaimantPensionContributionPercent>0</ClaimantPensionContributionPercent>
    <EmployerSepReasonComments>No permanent separation has occurred. The claimant was hired into a full time position and continues to work regular full time hours per original hiring agreement (M-F; 5:00 am to 1:30 pm). There have been no breaks in employment or reduction in hours.  DATE OF HIRE: 12/21/2015   JOB TITLE: Janitor Supervisor   RATE OF PAY: $35.79/hr</EmployerSepReasonComments>
    <PreparerTypeCode>T</PreparerTypeCode>
    <PreparerCompanyName>Employers Edge</PreparerCompanyName>
    <PreparerTelephoneNumberPlusExt>7204207377</PreparerTelephoneNumberPlusExt>
    <PreparerContactName>Arik Sloan For Dawn Skramstad</PreparerContactName>
    <PreparerTitle>Claim Specialist</PreparerTitle>
    <PreparerEmailAddress>dskramstad@employersedge.com</PreparerEmailAddress>
    <BrokerRecordEffectiveDate>2019-01-02T13:45:20</BrokerRecordEffectiveDate>
  </EmployerTPASeparationResponse>
</EmployerTPASeparation>