<?xml version="1.0"?>
<EmployerTPASeparation xmlns:xsd="http://www.w3.org/2001/XMLSchema" xmlns:xsi="http://www.w3.org/2001/XMLSchema-instance" xmlns="https://uidataexchange.org/schemas">
  <EmployerTPASeparationRequest>
    <StateRequestRecordGUID>909cdae9a94841cca3ddf387b32ba3e5</StateRequestRecordGUID>
    <SSN>570872921</SSN>
    <ClaimEffectiveDate>2018-12-16</ClaimEffectiveDate>
    <StateEmployerAccountNbr>1325980</StateEmployerAccountNbr>
    <EmployerName>TWINING LABORATORIES</EmployerName>
    <FEIN>132598000</FEIN>
    <TypeofEmployerCode>2</TypeofEmployerCode>
    <TypeofClaimCode>2</TypeofClaimCode>
    <BenefitYearBeginDate>2017-12-31</BenefitYearBeginDate>
    <RequestingStateAbbreviation>CA</RequestingStateAbbreviation>
    <UIOfficeName>CA EDD  #0210</UIOfficeName>
    <UIOfficePhone>8003005616</UIOfficePhone>
    <ClaimantLastName>WILLIAMS</ClaimantLastName>
    <ClaimantFirstName>JAY</ClaimantFirstName>
    <ClaimantMiddleInitial>M</ClaimantMiddleInitial>
    <ClaimantReportedLastDayofWork>2018-12-20</ClaimantReportedLastDayofWork>
    <WagesWeeksNeededCode>NA</WagesWeeksNeededCode>
    <ClaimantSepReasonCode>2</ClaimantSepReasonCode>
    <ClaimantSepReasonComments>WORK HAS BEEN SLOW</ClaimantSepReasonComments>
    <RequestDate>2018-12-28</RequestDate>
    <ResponseDueDate>2019-01-07</ResponseDueDate>
    <FormNumber>DE 1101CZ</FormNumber>
    <PIN>wRuEGG7t</PIN>
  </EmployerTPASeparationRequest>
  <EmployerTPASeparationResponse xsi:type="StateSeparationResponseType">
    <StateRequestRecordGUID>909cdae9-a948-41cc-a3dd-f387b32ba3e5</StateRequestRecordGUID>
    <BrokerRecordTransactionNumber>27858864</BrokerRecordTransactionNumber>
    <RequestDate>0001-01-01</RequestDate>
    <ResponseDueDate>0001-01-01</ResponseDueDate>
    <SSN>570872921</SSN>
    <ClaimEffectiveDate>2018-12-16</ClaimEffectiveDate>
    <StateEmployerAccountNbr>1325980</StateEmployerAccountNbr>
    <EmployerName>TWINING LABORATORIES</EmployerName>
    <ClaimantLastName>WILLIAMS</ClaimantLastName>
    <ClaimantFirstName>JAY</ClaimantFirstName>
    <ClaimantMiddleInitial>M</ClaimantMiddleInitial>
    <ClaimantJobTitle>Inspector</ClaimantJobTitle>
    <EmployerReportedClaimantFirstDayofWork>1999-03-01</EmployerReportedClaimantFirstDayofWork>
    <EmployerReportedClaimantLastDayofWork>2011-12-20</EmployerReportedClaimantLastDayofWork>
    <TotalWeeksWorked>0</TotalWeeksWorked>
    <WagesEarnedAfterClaimEffectiveDate>376.64</WagesEarnedAfterClaimEffectiveDate>
    <NumberOfHoursWorkedAfterClaimEffectiveDate>8</NumberOfHoursWorkedAfterClaimEffectiveDate>
    <EmployerSepReasonCode>10</EmployerSepReasonCode>
    <AverageNumberofHoursWorkedperWeek>0</AverageNumberofHoursWorkedperWeek>
    <ClaimantPensionContributionPercent>0</ClaimantPensionContributionPercent>
    <EmployerSepReasonComments>Operating Engineers Union Local 12 handles all vacation/sick/PTO/holiday pay - 626-35-1045.  Employee is working this week, however we will not have the exact hours worked until mid-week next week.</EmployerSepReasonComments>
    <PreparerTypeCode>E</PreparerTypeCode>
    <PreparerTelephoneNumberPlusExt>5624263355119</PreparerTelephoneNumberPlusExt>
    <PreparerContactName>Lynn Peter</PreparerContactName>
    <PreparerTitle>HR Manager</PreparerTitle>
    <PreparerEmailAddress>lpeter@twininginc.com</PreparerEmailAddress>
    <BrokerRecordEffectiveDate>2019-01-02T14:07:58</BrokerRecordEffectiveDate>
  </EmployerTPASeparationResponse>
</EmployerTPASeparation>