<?xml version="1.0"?>
<EmployerTPASeparation xmlns:xsd="http://www.w3.org/2001/XMLSchema" xmlns:xsi="http://www.w3.org/2001/XMLSchema-instance" xmlns="https://uidataexchange.org/schemas">
  <EmployerTPASeparationRequest>
    <StateRequestRecordGUID>72147d58e7094fb5a28ebee1f019d269</StateRequestRecordGUID>
    <SSN>548234164</SSN>
    <ClaimEffectiveDate>2018-12-23</ClaimEffectiveDate>
    <StateEmployerAccountNbr>9320081</StateEmployerAccountNbr>
    <EmployerName>CONTROLLER'S OFFICE-PPSD</EmployerName>
    <FEIN>943248335</FEIN>
    <TypeofEmployerCode>2</TypeofEmployerCode>
    <TypeofClaimCode>1</TypeofClaimCode>
    <BenefitYearBeginDate>2018-12-23</BenefitYearBeginDate>
    <RequestingStateAbbreviation>CA</RequestingStateAbbreviation>
    <UIOfficeName>CA EDD  #1210</UIOfficeName>
    <UIOfficePhone>8003005616</UIOfficePhone>
    <ClaimantLastName>LEE</ClaimantLastName>
    <ClaimantFirstName>MICHAEL</ClaimantFirstName>
    <ClaimantReportedLastDayofWork>2018-06-14</ClaimantReportedLastDayofWork>
    <WagesWeeksNeededCode>NA</WagesWeeksNeededCode>
    <ClaimantSepReasonCode>2</ClaimantSepReasonCode>
    <ClaimantSepReasonComments>SEASONAL JOB ONLY</ClaimantSepReasonComments>
    <RequestDate>2018-12-24</RequestDate>
    <ResponseDueDate>2019-01-03</ResponseDueDate>
    <FormNumber>DE 1101CZ</FormNumber>
  </EmployerTPASeparationRequest>
  <EmployerTPASeparationResponse xsi:type="StateSeparationResponseType">
    <StateRequestRecordGUID>72147d58-e709-4fb5-a28e-bee1f019d269</StateRequestRecordGUID>
    <BrokerRecordTransactionNumber>27770581</BrokerRecordTransactionNumber>
    <RequestDate>0001-01-01</RequestDate>
    <ResponseDueDate>0001-01-01</ResponseDueDate>
    <SSN>548234164</SSN>
    <ClaimEffectiveDate>2018-12-23</ClaimEffectiveDate>
    <StateEmployerAccountNbr>9320081</StateEmployerAccountNbr>
    <EmployerName>CONTROLLER'S OFFICE-PPSD</EmployerName>
    <CorrectedFEIN>946000417</CorrectedFEIN>
    <ClaimantLastName>LEE</ClaimantLastName>
    <ClaimantFirstName>MICHAEL</ClaimantFirstName>
    <ClaimantJobTitle>CUSTOMERSERVICEAGE $31.84</ClaimantJobTitle>
    <EmployerReportedClaimantFirstDayofWork>2018-10-09</EmployerReportedClaimantFirstDayofWork>
    <EmployerReportedClaimantLastDayofWork>2018-10-15</EmployerReportedClaimantLastDayofWork>
    <EffectiveSeparationDate>2018-10-16</EffectiveSeparationDate>
    <TotalWeeksWorked>0</TotalWeeksWorked>
    <NumberOfHoursWorkedAfterClaimEffectiveDate>0</NumberOfHoursWorkedAfterClaimEffectiveDate>
    <EmployerSepReasonCode>6</EmployerSepReasonCode>
    <AverageNumberofHoursWorkedperWeek>0</AverageNumberofHoursWorkedperWeek>
    <ContributoryorNotContributoryClaimantInd>N</ContributoryorNotContributoryClaimantInd>
    <ClaimantPensionContributionPercent>0</ClaimantPensionContributionPercent>
    <VoluntarySepReasonCode>1</VoluntarySepReasonCode>
    <ClaimantActionsToAvoidQuitInd>N</ClaimantActionsToAvoidQuitInd>
    <ContinuingWorkAvailableInd>Y</ContinuingWorkAvailableInd>
    <VoluntarySepReasonComments>The claimant voluntarily quit, no reason given.|  Was a written resignation provided by the claimant? If yes, please provide a copy. Yes|  How much notice was given, if any?  To whom? No advance notice. On October 16, 2018.|  Please provide an explanation if the claimant's job was in jeopardy. The employer also requests a determination on able and available. This was claimant's personal choice. The claimant did not make every attempt to preserve employment and employer had continuing work/possibly leave available.|  Additional comments: Employee was hired on as an As Needed/On Call employee.|  Please note the types of documents attached to the file. Resignation</VoluntarySepReasonComments>
    <PreparerTypeCode>T</PreparerTypeCode>
    <PreparerCompanyName>TALX UCM Services, Inc.</PreparerCompanyName>
    <PreparerTelephoneNumberPlusExt>80082915107893</PreparerTelephoneNumberPlusExt>
    <PreparerContactName>Aprildawn Duerbusch</PreparerContactName>
    <PreparerTitle>Unemployment Insurance Consult</PreparerTitle>
    <PreparerFaxNbr>8882521758</PreparerFaxNbr>
    <BrokerRecordEffectiveDate>2019-01-02T14:07:34</BrokerRecordEffectiveDate>
  </EmployerTPASeparationResponse>
</EmployerTPASeparation>